id,title,date,article,area_id,tags,page,page_number,file_name,picture,chart,advertising,keitaiso
1,教員採用試験　大学3年で一部受験可　県教委全校種対象、人材確保へ,2023-10-21,減少傾向にある公立学校の教員志願者確保に向け、県教委は20日、2025年度採用の教員選考試験から、大学3年生の時に一部試験を1年前倒しで受験できる制度を導入すると発表した。学生の負担を分散させるとともに、早い段階で教職への関心を高めてもらう狙い。全国各地の教委が優秀な人材を得ようとさまざまな試験改革を進める中、学生から受験先として選ばれやすくする効果も期待される。‘県教委によると、対象は小中高校、特別支援、養護の全校種。翌年度に教員免許を取得できる見込みの3年生が、1次選考の「一般教養・教職に関する科目」を前倒し受験できるようにする。合格者は翌年度以降、この科目が免除されて1次選考が「専門科目」のみとなる。期待される効果については①合格した受験生は専門教科の勉強や教育実習に専念でき、優秀な人材確保につながる②早い時期に受験機会を提供することで、大学2～3年生の段階から教職に就くことを考えるきっかけになる―などとしている。背景には教員のなり手不足がある。本県の小中学校の教員採用試験は、応募者数が08年度の1600人超から23年度に1076人と3割以上減った。高校も08年度の700人程度から23年度は437人に落ち込んだ。人材確保は全国的な課題となっており、各地の教委が教員免許を持たない社会人や取得の見込みがない学生でも受験でき、免許は合格後に取得してもらう特別選考を新設するなど、さまざまな改革を進めている。大学3年時受験の仕組みも、東京都をはじめ多くの自治体が導入している。県教委も24年度採用者の試験から小論文を廃止し、大学や大学院から推薦された受験者の試験を一部免除する特別選考枠を新設するなど見直しに取り組んでおり、3年時受験も取り入れることにした。学校人事課は「3、4年生で試験を分割し、より受けやすくした。大学での学びを豊かにしてほしい」としている。20日は24年度採用の教員選考試験の状況も発表した。小中学校と高校、特別支援学校などを含めた総受験者数は前年度比3人増の1727人で、合格者は498人。このうち新設した「大学等推薦」の合格者は71人だった。倍率は採用予定者数が増えた影響もあり、前年度を0.02ポイント下回る3.5倍だった。（中里圭秀）,,,1,1,20231021_01_001.txt,,,,"減少傾向,に,ある,公立,学校,の,教員,志願,者,確保,に,向け,、,県,教委,は,2,0,日,、,2,0,2,5,年度,採用,の,教員,選考,試験,から,、,大学,3,年生,の,時,に,一部,試験,を,1,年,前倒,し,で,受験,できる,制度,を,導入,する,と,発表,し,た,。,学生,の,負担,を,分散,さ,せる,とともに,、,早い,段階,で,教職,へ,の,関心,を,高め,て,もらう,狙い,。,全国,各地,の,教委,が,優秀,な,人材,を,得よ,う,と,さまざまな,試験,改革,を,進める,中,、,学生,から,受験,先,として,選ば,れ,やすく,する,効果,も,期待,さ,れる,。,‘,県,教委,に,よる,と,、,対象,は,小中,高校,、,特別,支援,、,養護,の,全校,種,。,翌年度,に,教員,免許,を,取得,できる,見込み,の,3,年生,が,、,1,次,選考,の,「,一般,教養,・,教職,に,関する,科目,」,を,前倒,し,受験,できる,よう,に,する,。,合格,者,は,翌年度,以降,、,この,科目,が,免除,さ,れ,て,1,次,選考,が,「,専門,科目,」,のみと,なる,。,期待,さ,れる,効果,について,は,①,合格,し,た,受験,生,は,専門,教科,の,勉強,や,教育,実習,に,専念,でき,、,優秀,な,人材,確保,に,つながる,②,早い,時期,に,受験,機会,を,提供,する,こと,で,、,大学,2,～,3,年生,の,段階,から,教職,に,就く,こと,を,考える,きっかけ,に,なる,―,など,と,し,て,いる,。,背景,に,は,教員,の,なり,手不,足,が,ある,。,本県,の,小中,学校,の,教員,採用,試験,は,、,応募,者数,が,0,8,年度,の,1,6,0,0,人,超,から,2,3,年度,に,1,0,7,6,人,と,3,割,以上,減っ,た,。,高校,も,0,8,年度,の,7,0,0,人,程度,から,2,3,年度,は,4,3,7,人,に,落ち込ん,だ,。,人材,確保,は,全国,的,な,課題,と,なっ,て,おり,、,各地,の,教委,が,教員,免許,を,持た,ない,社会,人,や,取得,の,見込み,が,ない,学生,で,も,受験,でき,、,免許,は,合格,後,に,取得,し,て,もらう,特別,選考,を,新設,する,など,、,さまざまな,改革,を,進め,て,いる,。,大学,3,年,時受,験,の,仕組,み,も,、,東京,都,を,はじめ,多く,の,自治体,が,導入,し,て,いる,。,県,教委,も,2,4,年度,採用,者,の,試験,から,小論文,を,廃止,し,、,大学,や,大学院,から,推薦,さ,れ,た,受験,者,の,試験,を,一部,免除,する,特別,選考,枠,を,新設,する,など,見直し,に,取り組ん,で,おり,、,3,年,時受,験,も,取り入れる,こと,に,し,た,。,学校,人事,課,は,「,3,、,4,年生,で,試験,を,分割,し,、,より,受け,やすくし,た,。,大学,で,の,学び,を,豊か,に,し,て,ほしい,」,と,し,て,いる,。,2,0,日,は,2,4,年度,採用,の,教員,選考,試験,の,状況,も,発表,し,た,。,小中,学校,と,高校,、,特別,支援,学校,など,を,含め,た,総受,験者,数,は,前年度比,3,人,増,の,1,7,2,7,人,で,、,合格,者,は,4,9,8,人,。,この,うち,新設,し,た,「,大学等,推薦,」,の,合格,者,は,7,1,人,だっ,た,。,倍率,は,採用,予定,者,数,が,増え,た,影響,も,あり,、,前年度,を,0,.,0,2,ポイント,下回る,3,.,5,倍,だっ,た,。,（,中里,圭秀,）"
2,首相、税収増の還元策指示　所得減税定額が軸　1年間の期限付きか,2023-10-21,岸田文雄首相は20日、自民、公明の与党幹部と官邸で面会し、所得税減税を含めた税収増の還元策を検討するよう指示した。減税は一定額を納税額から差し引く形を軸とし、期限付きとする方向。所得税を納めていない低所得者や高齢の非課税世帯には給付での対応を検討する。宮沢洋一自民党税制調査会長は記者団に、減税期間は「1年が極めて常識的」と語った。防衛力強化のための増税は2024年からの開始は見送り、25年以降とする方針だ。所得税減税は11月2日の閣議決定を目指す経済対策の柱とし、減税規模や期間、対象は年末にかけて与党で詰める。政府が賃上げの旗を振る中でも依然として賃金が物価上昇に追い付かず、家計の負担感が強まっていることに対する姿勢を示す狙いがある。ただ財政規律を重視する与党議員からは慎重論もあり、議論は曲折も予想される。首相は、10月26日に開く政府与党政策懇談会や、その後の与党税制調査会での早急な検討を経て、所得税減税を含めた還元策を取りまとめるよう指示した。減税は法改正を伴うため、年明けの通常国会を経て実現した場合でも、国民が納税額の減少を実感できるのは来春以降になりそうだ。自民の萩生田光一、公明の高木陽介両政調会長らが首相と面会した。萩生田氏は面会後、所得税減税は「本格的な賃上げにつなぐまでの間、近年の税収増を国民の皆さんにお返しするのが目的だ」と語った。減税と同時に防衛力強化の増税を実施すると、国民に分かりにくくなるとして、「来年はやらない制度設計を作りたい」と述べた。減税の手法に関しては、宮沢氏は本来の納税額から一定額を差し引く「定額減税」という方法もあるが、高所得者層ほど恩恵が大きくなる。日本の財政は、膨張する歳出を税収だけでは賄えず、借金である国債に頼る赤字運営が続いている。国債残高は23年度末に1068兆円まで拡大する見通し。今後は所得税、法人税、たばこ税の防衛増税も予定され、衆参両院の補欠選挙投票を目前にしたタイミングでの減税指示には、財政規律やこれまでの増税方針との整合性を問題視する声がある。,,,1,2,20231021_01_002.txt,,,,"岸田,文雄,首相,は,2,0,日,、,自民,、,公明,の,与党,幹部,と,官邸,で,面会,し,、,所得,税減,税,を,含め,た,税収,増,の,還元,策,を,検討,する,よう,指示,し,た,。,減税,は,一定額,を,納税,額,から,差し引く形,を,軸と,し,、,期限,付き,と,する,方向,。,所得,税,を,納め,て,い,ない,低所,得者,や,高齢,の,非課,税世帯,に,は,給付,で,の,対応,を,検討,する,。,宮沢,洋一自民党,税制,調査,会長,は,記者,団,に,、,減税,期間,は,「,1,年,が,極め,て,常識,的,」,と,語っ,た,。,防衛,力強,化,の,ため,の,増税,は,2,0,2,4,年,から,の,開始,は,見送り,、,2,5,年,以降,と,する,方針,だ,。,所得,税減,税,は,1,1,月,2,日,の,閣議,決定,を,目指す,経済,対策,の,柱,と,し,、,減税,規模,や,期間,、,対象,は,年末,に,かけ,て,与党,で,詰める,。,政府,が,賃上げ,の,旗,を,振る,中,で,も,依然,として,賃金,が,物価,上昇,に,追い付か,ず,、,家計,の,負担,感,が,強まっ,て,いる,こと,に対する,姿勢,を,示す狙い,が,ある,。,ただ,財政,規律,を,重視,する,与党,議員,から,は,慎重,論,も,あり,、,議論,は,曲折,も,予想,さ,れる,。,首相,は,、,1,0,月,2,6,日,に,開く,政府,与党,政策,懇談,会,や,、,その後,の,与党,税制,調査,会,で,の,早急,な,検討,を,経て,、,所得,税減,税,を,含め,た,還元,策,を,取り,まとめる,よう,指示,し,た,。,減税,は,法改,正,を,伴う,ため,、,年明け,の,通常,国会,を,経て,実現,し,た,場合,で,も,、,国民,が,納税,額,の,減少,を,実感,できる,の,は,来春,以降,に,なり,そう,だ,。,自民,の,萩生,田光,一,、,公明,の,高木,陽介,両,政調,会長,ら,が,首相,と,面会,し,た,。,萩生,田氏,は,面会,後,、,所得,税減,税,は,「,本格,的,な,賃上げ,につ,なぐ,まで,の,間,、,近年,の,税収,増,を,国民,の,皆さん,に,お返し,する,の,が,目的,だ,」,と,語っ,た,。,減税,と,同時,に,防衛,力強,化,の,増税,を,実施,する,と,、,国民,に,分かり,にくく,なる,として,、,「,来年,は,やら,ない,制度,設計,を,作り,たい,」,と,述べ,た,。,減税,の,手法,に関し,て,は,、,宮沢,氏,は,本来,の,納税,額,から,一,定額,を,差し引く,「,定額,減税,」,という,方法,も,ある,が,、,高所,得,者,層,ほど,恩恵,が,大きく,なる,。,日本,の,財政,は,、,膨張,する,歳出,を,税収,だけ,で,は,賄え,ず,、,借金,で,ある,国債,に,頼る,赤字,運営,が,続い,て,いる,。,国債,残高,は,2,3,年度末,に,1,0,6,8,兆,円,まで,拡大,する,見通し,。,今後,は,所得,税,、,法人,税,、,たばこ税,の,防衛,増税,も,予定,さ,れ,、,衆参,両院,の,補欠,選挙,投票,を,目前,に,し,た,タイミング,で,の,減税,指示,に,は,、,財政,規律,や,これ,まで,の,増税,方針,と,の,整合,性,を,問題,視,する,声,が,ある,。"
3,前橋　文化審が5基で名称変更答申　国史跡「総社古墳群」に,2023-10-21,国の文化審議会（佐藤信会長）は20日、前橋市総社地域に広がる古墳群のうち、すでに国史跡に指定済みの3基に新たに2基を加え、5基合わせて「総社古墳群」と名称変更するように盛山正仁文部科学相に答申した。古墳群全体の歴史的価値が初めて正式に評価された形で、市は今後、保護や情報発信を強化する。答申によると、すでに国史跡に指定されている二子山古墳、宝塔山古墳、蛇穴山古墳を統合。遠見山古墳、愛宕山古墳を追加指定し、5基合わせて総社古墳群とする。5世紀後半から7世紀後半にかけて築かれた東日本有数の古墳群で、当時の古墳の形や埋葬方法の変遷、ヤマト王権との深い関連がうかがえるのが特徴。近くに上野国分寺跡、山王廃寺跡などの重要史跡もある。市は2017年度から古墳群の全体的な価値などを調査してきた。答申を受け、山本龍市長は「市の成り立ちや発展を知る上で必要不可欠な史跡。価値を損なうことなく、未来へと継承していきたい」とのコメントを発表した。市教委文化財保護課は「多くの人に足を運んでもらい、各古墳を築いた豪族の力の大きさや当時の地域発展の歴史を体感してほしい」とした。審議会はこの他、国史跡の上野国佐位郡正倉跡（伊勢崎市上植木本町）について、未指定だった約340平方メートルを追加指定するよう答申した。正倉が立ち並んでいた区画で、指定後の広さは計約9万1400平方メートルとなる。いずれも近く官報に告示される見通し。統合に伴い県内の国史跡数は2件滅の50件となる。（稲村勇輝）,3,,1,3,20231021_01_003.txt,,20231021_01_003_c1.jpg,,"国,の,文化,審議,会,（,佐藤,信会,長,）,は,2,0,日,、,前橋,市総,社地,域,に,広がる,古墳,群,の,うち,、,すでに,国史,跡,に,指定,済み,の,3,基,に,新た,に,2,基,を,加え,、,5,基合,わせ,て,「,総社,古墳,群,」,と,名称,変更,する,よう,に,盛山,正仁,文部,科学,相,に,答申,し,た,。,古墳,群全,体,の,歴史,的,価値,が,初めて,正式,に,評価,さ,れ,た,形,で,、,市,は,今後,、,保護,や,情報,発信,を,強化,する,。,答申,に,よる,と,、,すでに,国史,跡,に,指定,さ,れ,て,いる,二子,山古,墳,、,宝塔,山古,墳,、,蛇穴,山古,墳,を,統合,。,遠見,山古,墳,、,愛宕,山古,墳,を,追加,指定,し,、,5,基合,わせ,て,総社,古墳,群,と,する,。,5,世紀,後半,から,7,世紀,後半,に,かけ,て,築か,れ,た,東日本,有数,の,古墳,群,で,、,当時,の,古墳,の,形や,埋葬,方法,の,変遷,、,ヤマト,王権,と,の,深い,関連,が,う,か,がえる,の,が,特徴,。,近く,に,上野,国分,寺跡,、,山王,廃寺,跡,など,の,重要,史跡,も,ある,。,市,は,2,0,1,7,年度,から,古墳,群,の,全体,的,な,価値,など,を,調査,し,て,き,た,。,答申,を,受け,、,山本,龍市,長,は,「,市,の,成り立ち,や,発展,を,知る,上,で,必要,不可欠,な,史跡,。,価値,を,損なう,こと,なく,、,未来,へ,と,継承,し,て,いき,たい,」,と,の,コメント,を,発表,し,た,。,市教,委文,化財,保護,課,は,「,多く,の,人,に,足,を,運ん,で,もらい,、,各,古墳,を,築い,た,豪族,の,力,の,大きさ,や,当時,の,地域,発展,の,歴史,を,体感,し,て,ほしい,」,と,し,た,。,審議,会,は,この,他,、,国史,跡,の,上野,国佐,位郡,正倉,跡,（,伊勢,崎市,上植,木本,町,）,について,、,未指定,だっ,た,約,3,4,0,平方メートル,を,追加,指定,する,よう,答申,し,た,。,正倉,が,立ち並ん,で,い,た,区画,で,、,指定,後,の,広さ,は,計約,9,万,1,4,0,0,平方メートル,と,なる,。,いずれ,も,近く,官報,に,告示,さ,れる,見通し,。,統合,に,伴い,県,内,の,国史,跡数,は,2,件滅,の,5,0,件,と,なる,。,（,稲村,勇輝,）"
4,井野氏が「ぎちょー」　議事進行係デビュー　臨時国会開会　衆院本会議,2023-10-21,"第212臨時国会が20日召集された。9月の第2次岸田再改造内閣発足後、初の本格論戦が展開される。同日の衆院本会議では自民党の井野俊郎衆院識員（群馬2区）が、動議を提出する議事進行係(95代）として初仕事をこなした。井野氏は正午に始まった本会識の終盤、「ぎちょー（議長）」と大声を張り上げて発言の許可を求めると、「各常任委員長の選挙はその手続きを省略して、議長において指名されることを望みまーす」と独特の節回しで動議を読み上げた。本会議後、井野氏は「少し緊張したが、つつがなく議事が進行できて良かった。はっきりと、ゆっくりと読み上げるよう注意した」と振り返った。議事進行係若手の登竜門とされ、本県選出では故長谷川四郎(19代）、小渕優子(71代）、笹川博義(88代）、福田達夫（91代）の各衆院議員が務めている。（伏木充）",,,1,4,20231021_01_004.txt,20231021_01_004_p1.jpg,,,"第,2,1,2,臨,時国,会,が,2,0,日,召集,さ,れ,た,。,9月,の,第,2,次,岸田,再改,造内,閣発,足後,、,初,の,本格,論戦,が,展開,さ,れる,。,同日,の,衆院,本,会議,で,は,自民党,の,井野,俊郎,衆院,識員,（,群馬,2,区,）,が,、,動議,を,提出,する,議事,進行,係,(,9,5,代,）,として,初仕事,を,こなし,た,。,,井野,氏,は,正午,に,始まっ,た,本会,識,の,終盤,、,「,ぎちょー,（,議長,）,」,と,大声,を,張り上げ,て,発言,の,許可,を,求める,と,、,「,各常,任委,員長,の,選挙,は,その,手続き,を,省略,し,て,、,議長,に,おい,て,指名,さ,れる,こと,を,望み,まー,す,」,と,独特,の,節回,し,で,動議,を,読み上げ,た,。,,本会,議後,、,井野,氏,は,「,少し,緊張,し,た,が,、,つつが,なく,議事,が,進行,でき,て,良かっ,た,。,はっきり,と,、,ゆっくり,と,読み上げる,よう,注意,し,た,」,と,振り返っ,た,。,,議事,進行,係若,手,の,登竜,門,と,さ,れ,、,本県,選出,で,は,故長,谷川,四郎,(,1,9,代,）,、,小渕,優子,(,7,1,代,）,、,笹川,博義,(,8,8,代,）,、,福田,達夫,（,9,1,代,）,の,各衆,院議,員,が,務め,て,いる,。,（,伏木充,）"
5,ジュニア俳句は木曜に掲載　朝の一句,2023-10-21,"かぜにのりしんまいかおるあきのあじ（高崎中川小6年　鈴木　亜怜）☆句の様子から、外で新米を炊いている感じがします。ご飯が炊かれる、豊かな匂い。秋ならではの味を堪能するのでしょう。（佐）",,,1,5,20231021_01_005.txt,,,,"かぜ,に,のりしん,まい,か,おる,あき,の,あじ,,（,高崎,中川,小,6,年,　,鈴木,　,亜怜,）,☆,句,の,様子,から,、,外,で,新米,を,炊い,て,いる,感じ,が,し,ます,。,ご,飯,が,炊か,れる,、,豊か,な,匂い,。,秋,なら,で,は,の,味,を,堪能,する,の,でしょ,う,。,（,佐,）"
6,業務効率化を確認 生成AIを本運用　来月から高崎市,2023-10-21,"高崎市は20日、生成人工知能(AI) の試験運用用で業務率化の効果が確認されたため、11月6日から全庁で本運用を始めると発表した。本運用に当たり、ガイドラインを新たに作成し、①個人情報や機密情報を入力しない②成果物のデータの正確性を確認する③成果物に著作権など権利の侵害がないか確認する―などを定めた。セキュリティーに配慮した公務員専用サイトを用いる。試験運用は9月29日まで約4カ月間、若手を中心とした28人が実施。メール文やあいさつ文の作成、文書の要約や添削、企画やイベントのアイデア出しなどに活用した。個人情報の漏えいは見られず、生成した文書など成果物の内容にも問題がなかったという。市は「業務効率化とともに新たな気づき、発想も期待できる」としている。",3,,1,6,20231021_01_006.txt,,,,"高崎,市,は,2,0,日,、,生成,人工,知能,(,AI,), ,の,試験,運用,用,で,業務,率化,の,効果,が,確認,さ,れ,た,ため,、,1,1,月,6,日,から,全庁,で,本運用,を,始める,と,発表,し,た,。,,本運用,に,当たり,、,ガイドライン,を,新た,に,作成,し,、,①,個人,情報,や,機密,情報,を,入力,し,ない,②,成果,物,の,データ,の,正確,性,を,確認,する,③,成果物,に,著作,権,など,権利,の,侵害,が,ない,か,確認,する,―,など,を,定め,た,。,セキュリティー,に,配慮,し,た,公務,員,専用,サイト,を,用いる,。,,試験,運用,は,9月,2,9,日,まで,約,4,カ月,間,、,若手,を,中心,と,し,た,2,8,人,が,実施,。,メール,文,や,あい,さつ,文,の,作成,、,文書,の,要約,や,添削,、,企画,や,イベント,の,アイデア,出,し,など,に,活用,し,た,。,個人,情報,の,漏えい,は,見,られ,ず,、,生成,し,た,文書,など,成果,物,の,内容,に,も,問題,が,なかっ,た,と,いう,。,,市,は,「,業務,効率,化,とともに,新た,な,気づき,、,発想,も,期待,できる,」,と,し,て,いる,。"
7,湯の花饅頭　清芳亭,2023-10-21,伊香保温泉入口　☎0279(20)3939季節のお菓子　こだわりの栗羊羹,2,,1,7,,,,20231021_01_007_a1.jpg,"伊香,保温,泉入,口,　,☎,0,2,7,9,(,2,0,),3,9,3,9,季節,の,お,菓子,　,こだわり,の,栗羊,羹"
8,三山春秋,2023-10-21,戦争遺跡を調査している人に案内され、嬬恋村役場の西方にある山林に入った。農道から斜面を少し下るとアーチ状のコンクリートが見えた。「大前防空監視哨」の遺構である。周辺は樹木が生い茂るが、戦時中は眺望が開け、浅間山がよく見えたという▼防空監視哨は本土に飛来する米軍機をいち早く察知するため全国各地に設けられた。県内には約40カ所。訓練を受けた青少年が24時間体制で哨戒に当たり、音を聴き分けて敵機の機種や数を通報した。終戦で役割を終え、建物は取り壊されて大半が失われた▼「県内に幾つ残っているのか」。自分の目で確かめたいと調査するのが山ロ一俊さん(71)＝東吾妻町原町＝だ。3年ほど前から文献に当たり、図書館や史料館の職員、戦時中を知る人たちから話を聞き、報告書をまとめている▼大前防空監視哨は嬬恋村誌」に記述があるものの実態はよく分からなかった。地元のお年寄りに絵を描いてもらったり、案内してもらったりして埋もれた遺構をようやく確認した▼山口さんは「任務に当たった人から直接を聞くことができる時間は残りわずか。せめて遺構の調査や保存がかなえば」と願う▼県内で文化財に指定された監視哨跡はみどり市と長野原町の2カ所のみで、存在を知る人も少なくなった。終戦から78年。戦争体験者が減る中、戦禍の記憶をつなぐ戦争遺跡を調べる意義は高まっている。,,,1,8,20231021_01_008.txt,,,,"戦争,遺跡,を,調査,し,て,いる,人,に,案内,さ,れ,、,嬬恋,村役,場,の,西方,に,ある,山林,に,入っ,た,。,農道,から,斜面,を,少し下る,と,アーチ,状,の,コンクリート,が,見え,た,。,「,大前,防空,監視,哨,」,の,遺構,で,ある,。,周辺,は,樹木,が,生い茂る,が,、,戦時,中,は,眺望,が,開け,、,浅間,山,が,よく,見え,た,という,▼,防空,監視,哨,は,本土,に,飛来,する,米,軍機,を,いち,早く,察知,する,ため,全国,各地,に,設け,られ,た,。,県内,に,は,約,4,0,カ所,。,訓練,を,受け,た,青少年,が,2,4,時間,体制,で,哨戒,に,当たり,、,音,を,聴き分け,て,敵機,の,機種,や,数,を,通報,し,た,。,終戦,で,役割,を,終え,、,建物,は,取り壊さ,れ,て,大半,が,失わ,れ,た,▼,「,県内,に,幾つ残っ,て,いる,の,か,」,。,自分,の,目,で,確かめ,たい,と,調査,する,の,が,山ロ,一,俊,さん,(,7,1,),＝,東吾妻,町原,町,＝,だ,。,3,年,ほど,前,から,文献,に,当たり,、,図書館,や,史料館,の,職員,、,戦時,中,を,知る,人,たち,から,話,を,聞き,、,報告,書,を,まとめ,て,いる,▼,大前,防空,監視,哨,は,嬬恋,村誌,」,に,記述,が,ある,もの,の,実態,は,よく,分,から,なかっ,た,。,地元,の,お,年寄り,に,絵,を,描い,て,もらっ,たり,、,案内,し,て,もらっ,たりして,埋,も,れ,た,遺構,を,よう,やく,確認,し,た,▼,山口,さん,は,「,任務,に,当たっ,た,人,から,直接,を,聞く,こと,が,できる,時間,は,残りわずか,。,せめて,遺構,の,調査,や,保存,が,か,なえ,ば,」,と,願う,▼,県内,で,文化,財,に,指定,さ,れ,た,監視,哨跡,は,みどり,市,と,長野,原町,の,2,カ所,の,み,で,、,存在,を,知る,人,も,少なく,なっ,た,。,終戦,から,7,8,年,。,戦争,体験,者,が,減る,中,、,戦禍,の,記憶,を,つなぐ,戦争,遺跡,を,調べる,意義,は,高まっ,て,いる,。"
9,PC・スマホでも上毛新聞,2023-10-21,上毛新聞のニュースサイト「#gunma」では、いち早く知りたいことや。気になる情報を速報でお届けします。「#gunma」と一緒に、新しいぐんまライフを始めてみませんか。サイトはこちら#gunma　上毛新聞上毛新聞社営業局デジタル営業部 027-252-8973,,,1,9,,,,20231021_01_009_a1.jpg,"上毛新聞,の,ニュースサイト,「,#,gunma,」,で,は,、,いち早く知り,たい,こと,や,。,気,に,なる,情報,を,速報,で,お,届け,し,ます,。,「#,gunma,」,と,一緒,に,、,新しい,ぐんま,ライフ,を,始め,て,みませ,ん,か,。,サイト,は,こちら,#,gunma,　,上毛新聞上毛新聞社,営業,局,デジタル,営業,部, ,0,2,7,-,2,5,2,-,8,9,7,3"
10,県内公立高の倍率　前年を上回る1.06倍　中学生進路希望,2023-10-21,教委は20日、来春卒業見込みの中学生に対する第1回進路希望調査(2日現在）の結果を発表した。県内公立高（全日制・フレックススクール）64校全体の倍率は前年同期を0.01ポイント上回る1.06倍で8年ぶりに増加した。定員割れは4校減32校。学校別の倍率は、高崎経済大付属が1.76倍と4年連続で最も高く、前橋商と高崎工がともに1.55倍、桐生1.48倍、高崎北と伊勢崎清明がともに1.43倍と続いた。定員割れは下仁田0.11倍、嬬恋0.16倍、万場0.17 倍などだった。中学などの卒業見込み者は1万7104人（前年同期比41人減）,,,1,10,20231021_01_010.txt,,,,"教委,は,2,0,日,、,来春,卒業,見込み,の,中学生,に対する,第,1,回,進路,希望,調査,(,2,日,現在,）,の,結果,を,発表,し,た,。,県,内公,立高,（,全日,制,・,フレックススクール,）,6,4,校,全体,の,倍率,は,前年,同期,を,0,.,0,1,ポイント,上回る,1,.,0,6,倍,で,8,年,ぶり,に,増加,し,た,。,定員,割れ,は,4,校減,3,2,校,。,学校,別,の,倍率,は,、,高崎,経済,大付属,が,1,.,7,6,倍,と,4,年,連続,で,最も,高く,、,前橋,商,と,高崎,工,が,とも,に,1,.,5,5,倍,、,桐生,1,.,4,8,倍,、,高崎,北,と,伊勢,崎清,明,が,とも,に,1,.,4,3,倍,と,続い,た,。,定員,割れ,は,下仁田,0,.,1,1,倍,、,嬬恋,0,.,1,6,倍,、,万場,0,.,1,7, ,倍,など,だっ,た,。,中学,など,の,卒業,見込み,者,は,1,万,7,1,0,4,人,（,前年,同期,比,4,1,人,減,）"
11,県内きょうの天気,2023-10-21,,,,1,11,,,20231021_01_011_c1.jpg,,
12,きょうの紙面,2023-10-21,ピッグモーター聴聞欠席❸国土交通省の各運輸局は20日、中古車販売大手ビッグモーターで不正な自動車整備や車検が確認されたとして、行政処分を科す前に同社側の意見を聞く「聴聞」の手続きを実施した。同社は取材に「意見はない」と表明。聴聞を全て欠席し、陳述書も提出しなかった。国交省は全国34工場の処分案を公表しており、今月中にも道路運送車両法に基づき処分する。(2、3)米大統領がハマス非難(4)川淵三郎さんら文化勲章(6)スケート新濱、男子500V(11)中国が黒鉛を輸出規制(20)あしなが育英会、資金難(21)戦没の画学生、遺作を公開スポーツは6～8面,,,1,12,20231021_01_012.txt,,,,"ピッグモーター,聴聞,欠席,❸,国土,交通省,の,各運,輸局,は,2,0,日,、,中古,車販,売大,手,ビッグモーター,で,不正,な,自動,車整,備,や,車検,が,確認,さ,れ,た,として,、,行政,処分,を,科す前,に,同社,側,の,意見,を,聞く,「,聴聞,」,の,手続き,を,実施,し,た,。,同社,は,取材,に,「,意見,は,ない,」,と,表明,。,聴聞,を,全て,欠席,し,、,陳述,書,も,提出,し,なかっ,た,。,国交省,は,全国,3,4,工場,の,処分,案,を,公表,し,て,おり,、,今月,中,に,も,道路,運送,車両,法,に,基づき,処分,する,。,(,2,、,3,),米,大統領,が,ハマス,非難,(,4,),川淵,三郎,さんら,文化,勲章,(,6,),スケート,新濱,、,男子,5,0,0,V,(,1,1,),中国,が,黒鉛,を,輸出,規制,(,2,0,),あしなが,育英,会,、,資金,難,(,2,1,),戦没,の,画学生,、,遺作,を,公開,スポーツ,は,6,～,8,面"
13,上毛新聞ホームページ,2023-10-21,読者センター☎　027-254-9922Fax　027-251-4334Eメール　houdou@jomo-news.co.jp,,,1,13,,,,20231021_01_013_a1.jpg,"読者,センター,☎,　,0,2,7,-,2,5,4,-,9,9,2,2,Fax,　,0,2,7,-,2,5,1,-,4,3,3,4,E,メール,　,houdou,@,jomo,-,news,.,co,.,jp"
14,未利用口座管理手数料改定のお知らせ,2023-10-21,未利用口座管理手数料改定のお知らせ当行では誠に勝手ながら、2023年11月1日（水）より以下のとおり、未利用口座管理手数料を改定させていただきます。お客さまにはご負担をお掛けしますが、ご理解賜りますようお願い申しあげます。群馬銀行私たちは「つなぐ」力で地域の未来をつむぎます,,,1,14,,,20231021_01_014_c1.jpg,,"未利,用口,座管,理手,数料,改定,の,お,知ら,せ,当行,で,は,誠,に,勝手,ながら,、,2,0,2,3,年,1,1,月,1,日,（,水,）,より,以下,の,とおり,、,未利,用口,座管,理手,数料,を,改定,さ,せ,て,い,た,だき,ます,。,お客さま,に,は,ご,負担,を,お掛け,し,ます,が,、,ご,理解,賜り,ます,よう,お,願い申し,あげ,ます,。,群馬,銀行,私,たち,は,「,つなぐ,」,力,で,地域,の,未来,を,つむぎ,ます"
15,所得減税に3手法　定額プラス給付　有力,2023-10-21,岸田文雄首相の指示を受け、与党が検討に入る所得税減税は①納税額から一定額を差し引く「定額減税」②納税額の一定比率を差し引く「定率減税」③「現金給付」―の3手法のうち、定額減税と現金給付を組み合わせる案が有力となる。幅広い家計を対象にする狙いがあるが、物価高対策とするのであれば対象を絞るべきだとの意見もある。ばらまき懸念定額減税と定率減税は、いずれも企業が会社員の給与から税金を天引きする源泉徴収の際などに単発で実施することができる。単発で実施すれば、恒久措置にするよりは財政の悪化を防げる。一方、減税は法改正が必要で、企業への周知期間も考えると実施は来春以降となる見通しだ。注所得者層は減税に実感がありそうだが、所得税を納めていない低所得者に恩恵はない。定率減税の場合は、物価高に対する余力のある高所得者ほど減税額が大きくなる。このため所得税を納めていない低所得者に対応しようとすると給付金が選択肢となる。だが、政府が一時的に現金を配ることが物価高対策として有効なのかは末知数で「ばらまき」に陥る懸念もつきまとう。切リ替え事例減税を打ち出すと政権の人気は出そうだが、歴史は必ずしもそうなっていない。日本が金融危機に見舞われた1998年、当時の橋本龍太郎首相は景気浮揚へ「恒久的な税制改革」を掲げたが、その後に「『恒久減税』という言葉は使っていない」などと発言がぶれて7月の参院選で大敗、退陣に追い込まれた。2008年、福田康夫首相は経済対策に定額減税を盛り込んだが、後継の麻生太郎首相が給付金に切り替えた。給付金の方が実務面の負担が少なく、効果を早く感じられるとの判断からだった。岸田氏が減税にこだわる理由を、与党の税制調査会幹部は「減税するという事実を重視しているのでは」と推測する。BNPパリバ証券の河野龍太郎チーフエコノミストは「一時的な所得増は貯蓄に回りがちで景気刺激効果は限定的だ」と分析。物価高対策であれば困窮世帯などに対象を絞り込むべきだと指摘している。,,,2,1,20231021_02_001.txt,,20231021_02_001_c1.jpg,,"岸田,文雄,首相,の,指示,を,受け,、,与党,が,検討,に,入る,所得,税減,税,は,①,納税,額,から,一,定額,を,差し引く,「,定額,減税,」,②,納税,額,の,一定,比率,を,差し引く,「,定率,減税,」,③,「,現金,給付,」,―,の,3,手法,の,うち,、,定額,減税,と,現金,給付,を,組み合わせる,案,が,有力,と,なる,。,幅広,い,家計,を,対象,に,する,狙い,が,ある,が,、,物価,高対,策,と,する,の,で,あれ,ば,対象,を,絞る,べき,だ,と,の,意見,も,ある,。,ばらまき,懸念,定額,減税,と,定率,減税,は,、,いずれ,も,企業,が,会社,員,の,給与,から,税金,を,天引き,する,源泉,徴収,の,際,など,に,単発,で,実施,する,こと,が,できる,。,単発,で,実施,すれ,ば,、,恒久,措置,に,する,より,は,財政,の,悪化,を,防げる,。,一方,、,減税,は,法改,正,が,必要,で,、,企業,へ,の,周知,期間,も,考える,と,実施,は,来春,以降,と,なる,見通し,だ,。,注所,得,者,層,は,減税,に,実感,が,あり,そう,だ,が,、,所得,税,を,納め,て,い,ない,低所,得者,に,恩恵,は,ない,。,定率,減税,の,場合,は,、,物価,高,に対する,余力,の,ある,高所,得者,ほど,減税,額,が,大きく,なる,。,この,ため,所得,税,を,納め,て,い,ない,低所,得者,に,対応,しよ,う,と,する,と,給付,金,が,選択,肢,と,なる,。,だ,が,、,政府,が,一時的,に,現金,を,配る,こと,が,物価,高対,策,として,有効,な,の,か,は,末知数,で,「,ばらまき,」,に,陥る,懸念,も,つきまとう,。,切リ,替え,事例,減税,を,打ち出す,と,政権,の,人気,は,出そう,だ,が,、,歴史,は,必ずし,も,そう,なっ,て,い,ない,。,日本,が,金融,危機,に,見舞わ,れ,た,1,9,9,8,年,、,当時,の,橋本,龍太,郎,首相,は,景気,浮揚,へ,「,恒久,的,な,税制,改革,」,を,掲げ,た,が,、,その後,に,「,『,恒久,減税,』,という,言葉,は,使っ,て,い,ない,」,など,と,発言,が,ぶれ,て,7月,の,参院,選,で,大敗,、,退陣,に,追い込ま,れ,た,。,2,0,0,8,年,、,福田,康夫,首相,は,経済,対策,に,定額,減税,を,盛り込ん,だ,が,、,後継,の,麻生,太郎,首相,が,給付,金,に,切り替え,た,。,給付,金,の,方,が,実務,面,の,負担,が,少なく,、,効果,を,早く,感じ,られる,と,の,判断,から,だっ,た,。,岸田,氏,が,減税,に,こだわる,理由,を,、,与党,の,税制,調査,会幹,部,は,「,減税,する,という,事実,を,重視,し,て,いる,の,で,は,」,と,推測,する,。,BNP,パリバ,証券,の,河野,龍太郎,チーフエコノミスト,は,「,一時的,な,所得,増,は,貯蓄,に,回り,がち,で,景気,刺激,効果,は,限定,的,だ,」,と,分析,。,物価,高対,策,で,あれ,ば,困窮,世帯,など,に,対象,を,絞り込む,べき,だ,と,指摘,し,て,いる,。"
16,米大統領　ロと同列ハマス非難　巨額支援予算　議会に要請,2023-10-21,"【ワシンントン共同】バイデン癸暑は19日、ホワイトハウスで演説し、イスラエル支援の巨額緊急予算を20日に議会に要請すると明らかにした。パレスチナのイスラム組織ハマスをロシアのプーチン大統領と同列に置き「隣の民主主義国を完全に滅ぼそうとする共通点がある」と非難。看過すれば「紛争リスクが中東やインド太平洋など世界に広がりかねない」と述べ、対応が急務だと訴えた。ハマスとイスラエル軍の戦闘は21日で2週間。人道危機が続くパレスチナ自治区ガザに支援物資を搬入するため、関係国や国連はガザとエジプトの境界にあるラファ検問所を近く再開する方向で調整した。アラブ・イスラム各国では20日、反イスラエルの大規模デモが行われた。AP通信によると、バイデン氏が議会に求めた緊急予算は総額約1千億ドル（約15兆円）規模で、うちイスラエル支援は140億ドル。ウクライナ支援600億ドルも盛り込まれた。バイデン氏は重大局面で米大統領が実施する執務室からの演説で「ハマスのようなテロリストやプーチンのような暴君に勝たせてはならない」と語り、支援を両立させる必要性を強調した。米下院は議長不在で予算審議ができない状態が続く。バイデン氏はイスラエルとウクライナを支えることが「米国の安全保障にとって極めて軍要だ」として混乱収拾を呼びかけた。予算は紛争拡大抑止に向けた「賢明な投資だ」と説明した。イスラエル支援では「国民を守るために必要な物を確保する」と表明した。ハマスヘの報復に関しては「怒りでわれを忘れてはならない」と忠告し「民間人の保護」に最大限努めるよう促した。同時に「ガザの人々には食料、水、医薬品が緊急に必要だ」と指摘。エジプト側からの物資搬入は「息の長い支援の幕開け」になるとして継続への決意を示した。パレスチナとイスラエルの「2国家共存」実現を「諦めない」と改めて語った。パレスチナ自治政府のアッバス議長に対し、パレスチナの自決権の実現に向けて関与を続ける方針を伝えたことも明らかにした。",,,2,2,20231021_02_001.txt,20231021_02_002_p1.jpg,,,"【,ワシンントン,共同,】,バイデン,癸暑,は,1,9,日,、,ホワイトハウス,で,演説,し,、,イスラエル,支援,の,巨額,緊急,予算,を,2,0,日,に,議会,に,要請,する,と,明らか,に,し,た,。,パレスチナ,の,イスラム,組織,ハマス,を,ロシア,の,プーチン,大統領,と,同列,に,置き,「,隣,の,民主,主義国,を,完全,に,滅ぼ,そう,と,する,共通,点,が,ある,」,と,非難,。,看過,すれ,ば,「,紛争,リスク,が,中東,や,インド,太平洋,など,世界,に,広がりかね,ない,」,と,述べ,、,対応,が,急務,だ,と,訴え,た,。,,ハマス,と,イスラエル,軍,の,戦闘,は,2,1,日,で,2,週間,。,人道,危機,が,続く,パレスチナ,自治,区,ガザ,に,支援,物資,を,搬入,する,ため,、,関係,国,や,国連,は,ガザ,と,エジプト,の,境界,に,ある,ラファ,検問所,を,近く,再開,する,方向,で,調整,し,た,。,アラブ,・,イスラム,各国,で,は,2,0,日,、,反,イスラエル,の,大規模,デモ,が,行わ,れ,た,。,,AP,通信,に,よる,と,、,バイデン,氏,が,議会,に,求め,た,緊急,予算,は,総額,約,1,千,億,ドル,（,約,1,5,兆,円,）,規模,で,、,うち,イスラエル,支援,は,1,4,0,億,ドル,。,ウクライナ,支援,6,0,0,億,ドル,も,盛り込ま,れ,た,。,バイデン,氏,は,重大,局面,で,米,大統領,が,実施,する,執務,室,から,の,演説,で,「,ハマス,の,よう,な,テロリスト,や,プーチン,の,よう,な,暴君,に,勝た,せ,て,は,なら,ない,」,と,語り,、,支援,を,両立,さ,せる,必要,性,を,強調,し,た,。,,米,下院,は,議長,不在,で,予算,審議,が,でき,ない,状態,が,続く,。,バイデン,氏,は,イスラエル,と,ウクライナ,を,支える,こと,が,「,米国,の,安全,保障,に,とって,極め,て,軍要,だ,」,として,混乱,収拾,を,呼びかけ,た,。,予算,は,紛争,拡大,抑止,に,向け,た,「,賢明,な,投資,だ,」,と,説明,し,た,。,,イスラエル,支援,で,は,「,国民,を,守る,ため,に,必要,な,物,を,確保,する,」,と,表明,し,た,。,ハマスヘ,の,報復,に関し,て,は,「,怒り,でわれ,を,忘れ,て,は,なら,ない,」,と,忠告,し,「,民間,人,の,保護,」,に,最大,限努,める,よう,促し,た,。,,同時,に,「,ガザ,の,人々,に,は,食料,、,水,、,医薬,品,が,緊急,に,必要,だ,」,と,指摘,。,エジプト,側,から,の,物資,搬入,は,「,息,の,長い,支援,の,幕開け,」,に,なる,として,継続,へ,の,決意,を,示し,た,。,,パレスチナ,と,イスラエル,の,「,2,国,家共存,」,実現,を,「,諦め,ない,」,と,改め,て,語っ,た,。,パレスチナ,自治,政府,の,アッバス,議長,に対し,、,パレスチナ,の,自決権,の,実現,に,向け,て,関与,を,続ける,方針,を,伝え,た,こと,も,明らか,に,し,た,。"
17,邦人、韓国人83人輸送　空自機、イスラエル退避で,2023-10-21,"防衛省は20日、イスラエルからの邦人退避のため派遣した航空自衛隊のKC767空中給油輸送機が日本時間の同日末明、邦人や韓国人ら計83人を、イスラエルのテルアビブから隣国ヨルダンまで運んだと明らかにした。全員がこの機体で21日末明に羽田空港に到着する見通しだ。防衛省は、空自のKC7671機とC2輸送機2機をヨルダンとアフリカ東部ジブチに派遣。2機のC2は今後も輸送活動があることに備え、両国で待機を続ける。防衛省によると、83人は日本人60人と外国籍の家族4人、韓国人18人と外国籍の家族1人。イスラエルの空港では19日夕、日本政府が用意したカウンターに希望者が続々と集まった。5歳と3歳の息子2人と退避するという女性(38)は「小さな子どもを抱えて不安な中、乗り換えずに日本へ帰れるのは非常にありがたい」と話した。木原稔防衛相は18日に上川陽子外相からの依頼を受け、自衛隊法84条の4の邦人輸送の規定に基づき、自衛隊部隊に輸送活動の実施を命令した。これを踏まえ、ヨルダンに入っていたKC767が83人を運んだ。実施命令を20日に公表したのは、自衛隊の活動や邦人の安全確保に影響があるためとしている。イスラエルからは民間機の運航も継続中。防衛省の茂木陽報道官は20日の記者会見で、自衛隊機による輸送実施の理由について「惰勢が緊張度を増し、流動的になっていることを総合的に勘案した」と説明。民間機が運航しているかどうかは、必ずしも活動の要件ではないとして「いかなる手段が適切かを判断して対応する」と強調した。自衛隊は今回の退避活動のため、空自に加え陸上自衛隊も入った約420人規模の統合任務部隊を編成。茂木氏の説明によると、陸自はヨルダンの空港で邦人らの受け入れを支援しヨルダンの現地調整所で関係機関と調整に当たった。イスラエルからはこれまでに、日本政府が手配したチャーター機や韓国軍の輸送機で邦人が退避してきた。",,,2,3,20231021_02_003.txt,20231021_02_003_p1.jpg,,,"防衛省,は,2,0,日,、,イスラエル,から,の,邦人,退避,の,ため,派遣,し,た,航空,自衛,隊,の,KC,7,6,7,空,中給,油輸,送機,が,日本,時間,の,同日,末明,、,邦人,や,韓国,人,ら,計,8,3,人,を,、,イスラエル,の,テルアビブ,から,隣国,ヨルダン,まで,運ん,だ,と,明らか,に,し,た,。,全員,が,この,機体,で,2,1,日,末明,に,羽田,空港,に,到着,する,見通し,だ,。,,防衛省,は,、,空自,の,KC,7,6,7,1,機,と,C,2,輸,送機,2,機,を,ヨルダン,と,アフリカ,東部,ジブチ,に,派遣,。,2,機,の,C2,は,今後,も,輸送,活動,が,ある,こと,に,備え,、,両国,で,待機,を,続ける,。,,防衛省,に,よる,と,、,8,3,人,は,日本人,6,0,人,と,外国,籍,の,家族,4,人,、,韓国,人,1,8,人,と,外国,籍,の,家族,1,人,。,,イスラエル,の,空港,で,は,1,9,日,夕,、,日本,政府,が,用意,し,た,カウンター,に,希望,者,が,続々,と,集まっ,た,。,5,歳,と,3,歳,の,息子,2,人,と,退避,する,という,女性,(,3,8,),は,「,小さな子ども,を,抱え,て,不安,な,中,、,乗り換え,ず,に,日本,へ,帰れる,の,は,非常,に,あり,が,たい,」,と,話し,た,。,,木原,稔防,衛相,は,1,8,日,に,上川,陽子,外相,から,の,依頼,を,受け,、,自衛,隊法,8,4,条,の,4,の,邦人,輸送,の,規定,に,基づき,、,自衛,隊部,隊,に,輸送,活動,の,実施,を,命令,し,た,。,これ,を,踏まえ,、,ヨルダン,に,入っ,て,い,た,KC,7,6,7,が,8,3,人,を,運ん,だ,。,実施,命令,を,2,0,日,に,公表,し,た,の,は,、,自衛隊,の,活動,や,邦人,の,安全,確保,に,影響,が,ある,ため,とし,て,いる,。,,イスラエル,から,は,民間,機,の,運航,も,継続,中,。,防衛省,の,茂木,陽報,道官,は,2,0,日,の,記者,会見,で,、,自衛,隊機,による,輸送,実施,の,理由,について,「,惰勢,が,緊張,度,を,増し,、,流動,的,に,なっ,て,いる,こと,を,総合,的,に,勘案,し,た,」,と,説明,。,民間,機,が,運航,し,て,いる,か,どう,か,は,、,必ずし,も,活動,の,要件,で,は,ない,として,「,いかなる,手段,が,適切,か,を,判断,し,て,対応,する,」,と,強調,し,た,。,,自衛隊,は,今回,の,退避,活動,の,ため,、,空自,に,加え,陸上,自衛,隊,も,入っ,た,約,4,2,0,人,規模,の,統合,任務,部隊,を,編成,。,茂木,氏,の,説明,に,よる,と,、,陸自,は,ヨルダン,の,空港,で,邦人,ら,の,受け入れ,を,支援,し,ヨルダン,の,現地,調整,所,で,関係,機関,と,調整,に,当たっ,た,。,,イスラエル,から,は,これ,まで,に,、,日本,政府,が,手配,し,た,チャーター,機,や,韓国,軍,の,輸送,機,で,邦人,が,退避,し,て,き,た,。"
18,教団と「接点なし」　額賀議長,2023-10-21,"額賀福志郎衆院議長は20日、国会内で就任会見を開き、世界平和家庭連合（旧統一教会） との関わりを問われ「自民党による調査時に調べた結果、接点はなかった」と明言した。「公正で円満な議会運営に全力を尽くす」と抱負を述べた。安定的な皇位継承策に関する国会議論が停滞している現状について「これまでの経緯や状況を把握し、立法府としてどうするべきか考え方を整理したい」と言及した。憲法論議では、先の通常国会の衆院憲法審査会で緊急事態条項の新設に関する論点整理が示されたことを念頭に「熱心に討論されている」と評価。「各党の議論を踏まえ、立法府の考えが整理できればいい」と語った。人口減少が進む中で、地方の在り方は国政上の大きな課題との認識も示した。細田博之前議長の辞任は極めて残念だ」と述べた。",,,2,4,20231021_02_004.txt,20231021_02_004_p1.jpg,,,"額賀,福志郎,衆院,議長,は,2,0,日,、,国会,内,で,就任,会見,を,開き,、,世界,平和,家庭,連合,（,旧統,一,教会,）, ,と,の,関わり,を,問わ,れ,「,自民党,による,調査,時,に,調べ,た,結果,、,接点,は,なかっ,た,」,と,明言,し,た,。,「,公正,で,円満,な,議会,運営,に,全力,を,尽くす,」,と,抱負,を,述べ,た,。,,安定,的,な,皇位,継承,策,に関する,国会,議論,が,停滞,し,て,いる,現状,について,「,これ,まで,の,経緯,や,状況,を,把握,し,、,立法,府,として,どう,する,べきか,考え方,を,整理,し,たい,」,と,言及,し,た,。,,憲法,論議,で,は,、,先,の,通常,国会,の,衆院,憲法,審査,会,で,緊急,事態,条項,の,新設,に,関する,論点,整理,が,示さ,れ,た,こと,を,念頭,に,「,熱心,に,討論,さ,れ,て,いる,」,と,評価,。,「,各党,の,議論,を,踏まえ,、,立法,府,の,考え,が,整理,できれ,ば,いい,」,と,語っ,た,。,,人口,減少,が,進む中,で,、,地方,の,在り方,は,国政上,の,大きな,課題,と,の,認識,も,示し,た,。,細田,博之,前,議長,の,辞任,は,極め,て,残念,だ,」,と,述べ,た,。"
19,外国人材　転籍「1年」自民反発　政府、新制度を再検討,2023-10-21,"自民党の外国人労働者等特別委員会は20日、技能実習制度に代わる新制度について議論した。政府有識者会議が、一定の技能や日本語能力があり、一つの職場に1年以上勤めれば同じ分野で職場を変える「転籍」を認めるとしたことに、議員から「1年では早過ぎる」などと反発が相次いだ。政府は指摘を踏まえ、転籍の要件見直しを含め制度を再検討する方針。技能実習では、職場で人権侵害があるなどやむを得ない場合を除いて転籍が認められず、実習生の失踪も相次いだ。制覧直しを議論する有識者会議で18日、事務局が最終報告の試案を提示。新制度は、労働者の権利保障の観点から転籍しやすくした。20日の自民特別委で、出入国在留管理庁の担当者が試案を説明。関係者によると、地方から賃金の高い都市部への人材流出につながるとして、出席議員からは「転籍まで2年は必要だ」などの意見が出た。有識者会議は11月の最終報告を目指すが、今後の議論に影響がが出る可能性もある。試案では、同じ職場で1年以上働き、5段階の日本語能力試験で最も易しい5級レベル(N5)の日本語力や技能検定の合格を条件に、転籍を認めるとした。",,"1,3,4",2,5,20231021_02_005.txt,,,,"自民党,の,外国,人,労働,者,等特別,委員,会,は,2,0,日,、,技能,実習,制度,に,代わる,新制,度,について,議論,し,た,。,政府,有識,者,会議,が,、,一定,の,技能,や,日本,語能,力,が,あり,、,一つ,の,職場,に,1,年,以上,勤めれ,ば,同じ,分野,で,職場,を,変える,「,転籍,」,を,認める,と,し,た,こと,に,、,議員,から,「,1,年,で,は,早過ぎる,」,など,と,反発,が,相次い,だ,。,政府,は,指摘,を,踏まえ,、,転籍,の,要件,見直し,を,含め,制度,を,再検,討,する,方針,。,,技能,実習,で,は,、,職場,で,人権,侵害,が,ある,など,やむ,を,得,ない,場合,を,除い,て,転籍,が,認め,られ,ず,、,実習,生,の,失踪,も,相次い,だ,。,制覧,直し,を,議論,する,有識,者,会議,で,1,8,日,、,事務局,が,最終,報告,の,試案,を,提示,。,新制度,は,、,労働,者,の,権利,保障,の,観点,から,転籍,し,やすくし,た,。,,2,0,日,の,自民,特別,委,で,、,出入,国在,留管,理庁,の,担当,者,が,試案,を,説明,。,関係,者,に,よる,と,、,地方,から,賃金,の,高い,都,市部,へ,の,人材,流出,に,つながる,として,、,出席,議員,から,は,「,転籍,まで,2,年,は,必要,だ,」,など,の,意見,が,出,た,。,有識,者,会議,は,1,1,月,の,最終,報告,を,目指す,が,、,今後,の,議論,に,影響,が,が,出る,可能,性,も,ある,。,,試案,で,は,、,同じ,職場,で,1,年,以上,働き,、,5,段階,の,日本,語能,力試,験,で,最も易しい,5,級,レベル,(,N,5,),の,日本,語力,や,技能,検定,の,合格,を,条件,に,、,転籍,を,認める,と,し,た,。"
20,上川外相がエジプトへ ガザ人道状況改善を議論,2023-10-21,"上川陽子外相は20日の記者会見で、エジプトで21日に開かれる国際会議「カイ 口平和サミット」に出席するため、20日から22日までの日程でエジプトを訪問すると発表した。「喫緊の課題であるバレスチナ自治区ガザの人道状況改善、一般市民の安全確保、事態の早期沈静化に向けた議論に貢献する」と述べた。20日夜、成田空港を出発した。イスラム組織ハマスが7日にイスラエルを大規模攻撃して以来、日本の閣僚が中東を訪問するのは初めて。日本は原油輸入の約9割を中東地域に依存しており、訪問を通じて中東情勢安定に主体的に関与する姿勢を示す狙いがある。会議には、中東諸国の首脳や国連のグテレス事務総長らが出席する見通し。",,"3,4",2,6,20231021_02_006.txt,,,,"上川,陽子,外相,は,2,0,日,の,記者,会見,で,、,エジプト,で,2,1,日,に,開か,れる,国際,会議,「,カイ, ,口平和,サミット,」,に,出席,する,ため,、,2,0,日,から,2,2,日,まで,の,日程,で,エジプト,を,訪問,する,と,発表,し,た,。,「,喫緊,の,課題,で,ある,バレスチナ,自治,区,ガザ,の,人道,状況,改善,、,一般,市民,の,安全,確保,、,事態,の,早期,沈静,化,に,向け,た,議論,に,貢献,する,」,と,述べ,た,。,2,0,日,夜,、,成田,空港,を,出発,し,た,。,,イスラム,組織,ハマス,が,7,日,に,イスラエル,を,大規,模攻,撃し,て,以来,、,日本,の,閣僚,が,中東,を,訪問,する,の,は,初めて,。,日本,は,原油,輸入,の,約,9,割,を,中東,地域,に,依存,し,て,おり,、,訪問,を,通じ,て,中東,情勢,安定,に,主体,的,に,関与,する,姿勢,を,示す狙い,が,ある,。,,会議,に,は,、,中東,諸国,の,首脳,や,国連,の,グテレス,事務,総長,ら,が,出席,する,見通し,。"
21,尖閣地図に中国呼称　政府、グーグルに削除要求,2023-10-21,"米IT大手グーグルによるインターネット上の地図サービス「グーグルマップ」で、沖縄県・尖閣諸島の表記に中国や台湾で使われる呼称が併記され、日本政府が削除を求めたことが分かった。松野博一官房長官は20日の記者会見で「わが国の立場を申し入れた」と述べた。20日時点では尖閣諸島とのみ表示されている。外務省によると、19日には「尖閣諸島」の表記に加え「釣魚鳥群島」「釣魚台列嶼」と示されていた。同省はグーグルに対し、尖閣が日本固有の領土であることは歴史的にも国際法上も明らかで、日本が有効に支配していると説明した。グーグルマップの尖閣表記を巡っては、2010年にも「釣魚群島」「釣魚島」と中国側の呼称が併記され、外務省が削除を求めた経緯がある。",,,2,7,20231021_02_007.txt,,,,"米,IT,大手,グーグル,による,インターネット,上,の,地図,サービス,「,グーグルマップ,」,で,、,沖縄,県,・,尖閣,諸島,の,表記,に,中国,や,台湾,で,使わ,れる,呼称,が,併記,さ,れ,、,日本,政府,が,削除,を,求め,た,こと,が,分かっ,た,。,松野,博一官房,長官,は,2,0,日,の,記者,会見,で,「,わが,国,の,立場,を,申し入れ,た,」,と,述べ,た,。,2,0,日,時点,で,は,尖閣,諸島,と,のみ,表示,さ,れ,て,いる,。,,外務省,に,よる,と,、,1,9,日,に,は,「,尖閣,諸島,」,の,表記,に,加え,「,釣魚,鳥群島,」,「,釣魚,台列,嶼,」,と,示さ,れ,て,い,た,。,同省,は,グーグル,に対し,、,尖閣,が,日本,固有,の,領土,で,ある,こと,は,歴史,的,に,も,国際,法上,も,明らか,で,、,日本,が,有効,に,支配,し,て,いる,と,説明,し,た,。,,グーグルマップ,の,尖閣,表記,を,巡っ,て,は,、,2,0,1,0,年,に,も,「,釣魚,群島,」,「,釣魚島,」,と,中国,側,の,呼称,が,併記,さ,れ,、,外務省,が,削除,を,求め,た,経緯,が,ある,。"
22,新型コロナ　6週連続減,2023-10-21,厚生労働省は20日、全国約5千の定点医療機関から9～15日の1週間に報告された新型コロナウイルスの新規感染者数は計1万8587人で1医療機関当たり3.76人だったと発表した。前週比0.72倍で、6週連続で減少した。,,,2,8,20231021_02_008.txt,,20231021_02_008_c1.jpg,,"厚生,労働省,は,2,0,日,、,全国,約,5,千,の,定点,医療,機関,から,9,～,1,5,日,の,1,週間,に,報告,さ,れ,た,新型,コロナウイルス,の,新規,感染,者,数,は,計,1,万,8,5,8,7,人,で,1,医療,機関,当たり,3,.,7,6,人,だっ,た,と,発表,し,た,。,前週,比,0,.,7,2,倍,で,、,6,週,連続,で,減少,し,た,。"
23,過去10年最速　「注意報」水準　インフルエンザ,2023-10-21,"厚生労働省は20日、全国約5千の定点医療機関に9～15日に報告されたインフルエンザの感染者数は5万4709人で、1医療機関当たり11.07人だったと発表した。前週比1.11倍で、自治体の「注意報」の基準となっている10人を超えた。過去10年で最も早い。国立感染症研究所によると、全国の推計感染者数は約38万人に上る。前週と比べ増加したのは37道府県。多かったのは沖縄25.37人、千葉20.86人、埼玉19.69人で、1機関当たり10人を超えたのは17都県。少なかったのは青森1.60人、秋田1.81人、福井2.10人。本県は7.20人だった。休校や学級閉鎖などになったのは全国で計1772施設だった。小児科医の釜萢敏日本医師会常任理事はこの時期の感染拡大は異例とし「多くの人がある程度の免疫を持っている病気。手洗いや混雑時のマスク着用など基本的な感染対策を徹底し、希望する人はワクチンを打てば大丈夫だ」と話している。",,,2,9,20231021_02_009.txt,,,,"厚生,労働省,は,2,0,日,、,全国,約,5,千,の,定点,医療,機関,に,9,～,1,5,日,に,報告,さ,れ,た,インフルエンザ,の,感染,者数,は,5,万,4,7,0,9,人,で,、,1,医療,機関,当たり,1,1,.,0,7,人,だっ,た,と,発表,し,た,。,前週,比,1,.,1,1,倍,で,、,自治体,の,「,注意報,」,の,基準,と,なっ,て,いる,1,0,人,を,超え,た,。,過去,1,0,年,で,最も,早い,。,国立,感染,症研,究所,に,よる,と,、,全国,の,推計,感染,者,数,は,約,3,8,万,人,に,上る,。,,前週,と,比べ,増加,し,た,の,は,3,7,道府,県,。,多かっ,た,の,は,沖縄,2,5,.,3,7,人,、,千葉,2,0,.,8,6,人,、,埼玉,1,9,.,6,9,人,で,、,1,機,関当,たり,1,0,人,を,超え,た,の,は,1,7,都,県,。,少なかっ,た,の,は,青森,1,.,6,0,人,、,秋田,1,.,8,1,人,、,福井,2,.,1,0,人,。,本県,は,7,.,2,0,人,だっ,た,。,,休校,や,学級,閉鎖,など,に,なっ,た,の,は,全国,で,計,1,7,7,2,施設,だっ,た,。,,小児,科医,の,釜萢,敏日本医師,会常,任理,事,は,この,時期,の,感染,拡大,は,異例,と,し,「,多く,の,人,が,ある,程度,の,免疫,を,持っ,て,いる,病気,。,手洗い,や,混雑,時,の,マスク,着用,など,基本,的,な,感染,対策,を,徹底,し,、,希望,する,人,は,ワクチン,を,打て,ば,大丈夫,だ,」,と,話し,て,いる,。"
24,全国の天気,2023-10-21,21日は日本付近は西高東低の気圧配置になる。全国的に西または北寄りの風が強まる。北海道から本州の日本海側は広く雨で局地的に雷雨。北日本を中心に標高の高い山は雪の降る所も。北海道から本州の太平洋側は晴れる所が多いが東北などは曇りや雨。四国や九州は大体晴れる。沖縄は雲が多く一時的に雨の降る所も。最高気温は平年より低い所が多い。,,,2,10,20231021_02_010.txt,,20231021_02_010_c1.jpg,,"2,1,日,は,日本,付近,は,西高,東低,の,気圧,配置,に,なる,。,全国,的,に,西また,は,北寄り,の,風,が,強まる,。,北海道,から,本州,の,日本,海側,は,広く雨,で,局地,的,に,雷雨,。,北日本,を,中心,に,標高,の,高い山,は,雪,の,降る,所,も,。,北海道,から,本州,の,太平,洋側,は,晴れる,所,が,多い,が,東北,など,は,曇り,や,雨,。,四,国,や,九,州,は,大体,晴,れる,。,沖縄,は,雲,が,多く,一時,的,に,雨,の,降る,所,も,。,最高,気温,は,平年,より,低い所,が,多い,。"
25,地下水・温泉開発　地質調査・水中ポンプ,2023-10-21,田中鑿泉　前橋(224)一八四一(代),,,2,11,,,,20231021_02_011_a1.jpg,"田中,鑿泉,　,前橋,(,2,2,4,),一,八,四,一,(,代,)"
26,首相動静（20日）,2023-10-21,"【午前】8時24分、官邸。25分、報道各社のインタビュー。32分、閣議。9時19分、秋葉剛男国家安全保障局長、原和也内閣情報官。38分、原内閣情報官。11時54分、国会。51分、高市早苗経済安全保障担当相。【午後】0時2分、衆院本会議。55分、額賀福志郎新衆院議長にあいさつ。松野博一、村井英樹正副官房長官同席。1時1分、官邸。2時39分、国会。3時2分、第212臨時国会開会式。10分、泉健太立憲民主党代表。16分、官邸。46分、新聞・通信各社の論説委員らと懇談。4時12分、在京民放各社の解説委員らと懇談。49分、内閣記者会加盟報道各社のキャップと懇談。5時17分、萩生田光一自民 党政調会長。44分、皇居。内奏。 6時31分、官邸。32分、宮沢洋一同党税制調査会長。51分、公明党の高木陽介政調会長、西田実仁税制調査会長。7時34分、報道各社のインタビュー。39分、 東京・赤坂のANAインターコンチネンタルホテル東京。宴会場「プロミネンス」で異業種交流会「フォーラム21梅下村塾」総会に出席し、あいさつ。記念撮影。59分、公邸。",,,2,12,20231021_02_012.txt,,,,"【,午前,】,8,時,2,4,分,、,官邸,。,2,5,分,、,報道,各社,の,インタビュー,。,3,2,分,、,閣議,。,9,時,1,9,分,、,秋葉,剛男,国家,安全,保障,局長,、,原和,也内,閣情,報官,。,3,8,分,、,原内,閣情,報官,。,1,1,時,5,4,分,、,国会,。,5,1,分,、,高市,早苗,経済,安全,保障,担当相,。,【,午後,】,0,時,2,分,、,衆院,本,会議,。,5,5,分,、,額賀,福志郎,新衆,院議,長,に,あい,さつ,。,松野,博一,、,村井,英樹,正副,官房,長官,同席,。,1,時,1,分,、,官邸,。,2,時,3,9,分,、,国会,。,3,時,2,分,、,第,2,1,2,臨,時国,会開,会式,。,1,0,分,、,泉健,太立,憲民,主党,代表,。,1,6,分,、,官邸,。,4,6,分,、,新聞,・,通信,各社,の,論説,委員,ら,と,懇談,。,4,時,1,2,分,、,在京,民放,各社,の,解説,委員,ら,と,懇談,。,4,9,分,、,内閣,記者,会加,盟報,道各,社,の,キャップ,と,懇談,。,5,時,1,7,分,、,萩生,田光,一,自民, ,党,政調,会長,。,4,4,分,、,皇居,。,内奏,。, ,6,時,3,1,分,、,官邸,。,3,2,分,、,宮沢,洋一同,党税,制調,査,会長,。,5,1,分,、,公明党,の,高木,陽介,政調,会長,、,西田,実仁,税制,調査,会長,。,7,時,3,4,分,、,報道,各社,の,インタビュー,。,3,9,分,、, ,東京,・,赤坂,の,ANA,インターコンチネンタルホテル,東京,。,宴会場,「,プロミネンス,」,で,異業,種交,流会,「,フォーラム,2,1,梅,下村,塾,」,総会,に,出席,し,、,あいさつ,。,記念,撮影,。,5,9,分,、,公邸,。"
27,上毛新聞社来訪 (20日）,2023-10-21,よしもとエリアアクション関東エリア本部群馬県担当　曽根由紀子氏、日本生命保険取締役常務執行役員　赤堀直樹氏、同群馬支長　関口尚人氏、同支社法人職域部長　伊藤誠氏、白井屋ホテル代表取締役CEO　矢村功氏、日本ビジネスプレス執行役員メディアビジネス本部　長島章夫氏、同メディアビジネス事業部長チーフアーキテク卜　真中健司氏、同データサイエンス部兼メディアビジネス事業部Planner　湯浅拓氏、上毛特選碁観戦記執筆者　鎌田清氏高崎支社キリンビバレッジ東日本統括本部営業企画部企画担当主任　江口優美氏、同関信越支社流通部通担当主任　後藤輝氏,,,2,13,20231021_02_013.txt,,,,"よし,も,と,エリアアクション,関東,エリア,本部,群馬,県,担当,　,曽根,由紀子,氏,、,日本,生命,保険,取締,役常,務執,行役,員,　,赤堀,直樹,氏,、,同群,馬支,長,　,関口,尚人,氏,、,同支,社法,人職,域部,長,　,伊藤,誠氏,、,白井屋,ホテル,代表,取締,役,CEO,　,矢村,功氏,、,日本,ビジネスプレス,執行,役員,メディアビジネス,本部,　,長島,章夫,氏,、,同,メディアビジネス,事業,部長,チーフアーキテク,卜,　,真中,健司,氏,、,同,データサイエンス,部兼,メディアビジネス,事業,部,Planner,　,湯浅,拓氏,、,上毛,特選,碁観,戦記,執筆,者,　,鎌田,清,氏,高崎,支社,キリンビバレッジ,東日,本統括,本部,営業,企画,部企,画担,当主,任,　,江口,優美,氏,、,同関,信越,支社,流通,部通,担当,主任,　,後藤,輝氏"
28,検閲所再開へ最終調整　関係国や国連　ガザへの物資搬入で,2023-10-21,"【エルサレム共同】イスラエル軍とイスラム組織ハマスの戦闘が続くパレスチナ自治区ガザヘの人道物資搬入に向け、関係国や国連は20日、ガザとエジプトの境界にあるラファ検問所を近く再開する方向で最終調整した。イスラエルのガラント国防相は19日、ガザ境界の軍部隊に侵攻への準備を命じた。英BBC放送電子版は20日、ハマスがイスラエルに対し、即時停戦との引き換えとして、拘束する人質数人の解放を提案したが、イスラエルは応じていないと報じた。イスラエルは人質を203人以上とみている。国連のグテレス事務総長は20日、エジプト側のラファ検問所前を訪れ、記者団に対し、物資搬入へ「全当事者と調整している」と説明。検園所再開の時期には触れなかった。イスラエルメディアは20～30台のトラックが支援物資を運ぶ見通しだと報じた。支援物資は水や食料などで、燃料は含まれていないとみられる。イスラエルは 物資がハマスに渡らないことを搬入の条件としている。イスラエル軍はガザ周辺に部隊を集結させ、地上侵攻の構えを維持。2日夜もガザヘの空爆を続けた。パレスチナ通信によると、数 百人の避難民が身を寄せて いたガザ市のキリスト教会を空爆し、少女1人が死亡。 ロイター通信によると、ガザ南部ハンユニスヘの空爆で21人が死亡した。また軍は19日、同国北部 でレバノンから約20発の砲撃を受けたと発表、ハマスのレバノン組織が発射を認めた。イスラエル国防省は20日、レバノン国境に近い北部キリヤトシモナの住民に退避を命じた。ヨルダン川西岸ではイスラエル治安部隊との衝突でパレスチナ人13人が死亡した。中東に展開中の米海軍艦は紅海北方で巡航ミサイル3発などを迎撃した。イエメンの親イラン武装組織から発射されたとしている。ガザの保健当局によると、ガザ側の死者は4137人。イスラエル首相府によると、同国側の死者は1400人以上で、双方の死者は5500人以上となった。",,,3,1,20231021_03_001.txt,20231021_03_001_p1.jpg,,,"【,エルサレム,共同,】,イスラエル,軍,と,イスラム,組織,ハマス,の,戦闘,が,続く,パレスチナ,自治,区,ガザヘ,の,人道,物資,搬入,に,向け,、,関係,国,や,国連,は,2,0,日,、,ガザ,と,エジプト,の,境界,に,ある,ラファ,検問所,を,近く,再開,する,方向,で,最終,調整,し,た,。,イスラエル,の,ガラント,国防,相,は,1,9,日,、,ガザ,境界,の,軍部,隊,に,侵攻,へ,の,準備,を,命じ,た,。,,英BBC,放送,電子,版,は,2,0,日,、,ハマス,が,イスラエル,に対し,、,即時,停戦,と,の,引き換え,として,、,拘束,する,人質,数人,の,解放,を,提案,し,た,が,、,イスラエル,は,応じ,て,い,ない,と,報じ,た,。,イスラエル,は,人質,を,2,0,3,人,以上,と,み,て,いる,。,,国連,の,グテレス,事務,総長,は,2,0,日,、,エジプト,側,の,ラファ,検問,所前,を,訪れ,、,記者,団,に対し,、,物資,搬入,へ,「,全当事,者,と,調整,し,て,いる,」,と,説明,。,検園,所再,開,の,時期,に,は,触れ,なかっ,た,。,イスラエルメディア,は,2,0,～,3,0,台,の,トラック,が,支援,物資,を,運ぶ,見通し,だ,と,報じ,た,。,,支援,物資,は,水や,食料,など,で,、,燃料,は,含まれ,て,い,ない,と,み,られる,。,イスラエル,は, ,物資,が,ハマス,に,渡ら,ない,こと,を,搬入,の,条件,と,し,て,いる,。,,イスラエル,軍,は,ガザ,周辺,に,部隊,を,集結,さ,せ,、,地上,侵攻,の,構え,を,維持,。,2,日,夜,も,ガザヘ,の,空爆,を,続け,た,。,パレスチナ,通信,に,よる,と,、,数, ,百,人,の,避難民,が,身,を,寄せ,て, ,いた,ガザ,市,の,キリスト,教会,を,空爆,し,、,少女,1,人,が,死亡,。, ,ロイター,通信,に,よる,と,、,ガザ,南部,ハンユニスヘ,の,空爆,で,2,1,人,が,死亡,し,た,。,,また,軍,は,1,9,日,、,同国,北部, ,で,レバノン,から,約,2,0,発,の,砲撃,を,受け,た,と,発表,、,ハマス,の,レバノン,組織,が,発射,を,認め,た,。,イスラエル,国防省,は,2,0,日,、,レバノン,国境,に,近い,北部,キリヤトシモナ,の,住民,に,退避,を,命じ,た,。,ヨルダン,川西,岸,で,は,イスラエル,治安,部隊,と,の,衝突,で,パレスチナ,人,1,3,人,が,死亡,し,た,。,,中東,に,展開,中,の,米,海軍,艦,は,紅海,北方,で,巡航,ミサイル,3,発,など,を,迎撃,し,た,。,イエメン,の,親,イラン,武装,組織,から,発射,さ,れ,た,とし,て,いる,。,,ガザ,の,保健,当局,に,よる,と,、,ガザ,側,の,死者,は,4,1,3,7,人,。,イスラエル,首相,府,に,よる,と,、,同国,側,の,死者,は,1,4,0,0,人,以上,で,、,双方,の,死者,は,5,5,0,0,人,以上,と,なっ,た,。"
29,ビッグモーター全聴聞欠席 月内にも行政処分 国交省8運輸局,2023-10-21,"国土交通省の各運輸局は20日、中古車販売大手ビッグモーターで不正な自動車整備や車検が確認されたとして、行政処分を科す前に同社側の意見を聞く「聴聞」の手続きを実施した。同社は取材に「意見はない」と表明。聴聞を全て欠席し、陳述書も提出しなかった。国交省は全国34工場の処分案を公表しており、今月中にも道路運送車両法に基づき処分する。聴聞は北海道、関東、北陸信越、中部、近畿、中国、四国、九州の8運輸局で実施。出頭は義務ではなく、欠席しても罰則はない。ビッグモーターは「再発防止と信頼回復に向けて全社を挙げて尽力する」としている。名古屋市の中部運輸局では「聴聞会場」と掲げられた会議室に8席を用意。開始時刻を過ぎてもビッグモーターの担当者が現れず、部屋の前で待機していた運輸局の職員は早々に引き揚げた。国交省は7月、ビッグモーターの24都道府県34工場に一斉立ち入り検査し、点検・整備料金の過剰請求や車検項目の一部未実施、記録簿の虚偽記載などを確認した。今月13日に聴聞を公示し、処分案を公表。34工場を自動車整備の事業停止90～10日とし、うち民間車検場に指定された32工場は①12工場の指定取り消し②11工場の車検業務停止180～20日③91工場の文書警告（行政指導）④自動車検査員24人の解任命令―とした。",,,3,2,20231021_03_002.txt,,20231021_03_002_c1.jpg,,"国土,交通省,の,各運,輸局,は,2,0,日,、,中古,車販,売大,手,ビッグモーター,で,不正,な,自動,車整,備,や,車検,が,確認,さ,れ,た,として,、,行政,処分,を,科す前,に,同社,側,の,意見,を,聞く,「,聴聞,」,の,手続き,を,実施,し,た,。,同社,は,取材,に,「,意見,は,ない,」,と,表明,。,聴聞,を,全て,欠席,し,、,陳述,書,も,提出,し,なかっ,た,。,国交省,は,全国,3,4,工場,の,処分,案,を,公表,し,て,おり,、,今月,中,に,も,道路,運送,車両,法,に,基づき,処分,する,。,,聴聞,は,北海道,、,関東,、,北陸,信越,、,中部,、,近畿,、,中国,、,四国,、,九州,の,8,運,輸局,で,実施,。,出頭,は,義務,で,は,なく,、,欠席,し,て,も,罰則,は,ない,。,ビッグモーター,は,「,再発,防止,と,信頼,回復,に,向け,て,全社,を,挙げ,て,尽力,する,」,と,し,て,いる,。,,名古,屋市,の,中部,運輸,局,で,は,「,聴聞,会場,」,と,掲げ,られ,た,会議,室,に,8,席,を,用意,。,開始,時刻,を,過ぎ,て,も,ビッグモーター,の,担当,者,が,現れ,ず,、,部屋,の,前,で,待機,し,て,い,た,運輸,局,の,職員,は,早々,に,引き揚げ,た,。,,国交省,は,7月,、,ビッグモーター,の,2,4,都,道府,県,3,4,工場,に,一斉立ち入り,検査,し,、,点検,・,整備,料金,の,過剰,請求,や,車検,項目,の,一部,未実,施,、,記録,簿,の,虚偽,記載,など,を,確認,し,た,。,,今月,1,3,日,に,聴聞,を,公示,し,、,処分,案,を,公表,。,3,4,工場,を,自動車,整備,の,事業,停止,9,0,～,1,0,日,とし,、,うち,民間,車検,場,に,指定,さ,れ,た,3,2,工場,は,①,1,2,工場,の,指定,取り消し,②,1,1,工場,の,車検,業務,停止,1,8,0,～,2,0,日,③,9,1,工場,の,文書,警告,,（,行政,指導,）,④,自動車,検査,員,2,4,人,の,解任,命令,―,とし,た,。"
30,欧米　病院爆発に疑念　「死者最大50人」分析も,2023-10-21,"パレスチナ自治区ガザの9を巡り、ガザを実効支配するイスラム組織ハマスの説明に疑念が出ている。ハマス管理下の保偉当局はイスラエル軍の空爆で471人が死亡したとするが、バイデン米大統領はイスラエル軍の関与を否定し、欧州では「死者は最大50人」との分析も。真相不明のまま、イスラム圏では反イスラエル感情が激しさを増している。ガザ市中心部のアルアハリ・アラプ病院で17日夜、爆発があり、多数が死亡した。ハマスは当初から500人以上死亡と強調。医療機関への攻撃ということもあって衝撃的に報じられ、バイデン氏は18日に予定していたヨルダン訪問の中止に追い込まれた。イスラエル軍は直後から軍の空爆を否定。ガザの過激派「イスラム聖戦」が発射したロケット弾の誤射だと反論し、バイデン氏は19日の演説で「イスラエルの仕業ではない」と断言した。現地の映像では、病院駐車場の車に被害が出たが地面に大きな着弾痕はなく、建物も大きく損壊していないため、イスラエル軍のミサイルより威力が弱い兵器との見方が出ている。欧州メディアによると、欧州情報筋は「死者は最大50人だろう」との見方を示した。AP通信によると、米政府は死者数を推定100～300人の「下の方jと分析。イスラエル軍報道官は500人死亡との主張に「遺体はどこにあるんだ」と疑問を投げかけた。反イスラエルの機運を高める目的で「ハマスが被害を誇張した」との報道も出ている。中東のアラプ・イスラム諸国ではハマスの説明を受け、反イスラエルの抗議デモが活発化。レバノンやヨルダンでは治安部隊との衝突に発展するなど、情勢は流動化している。",,,3,3,20231021_03_003.txt,,20231021_03_003_c1.jpg,,"パレスチナ,自治,区,ガザ,の,9,を,巡り,、,ガザ,を,実効,支配,する,イスラム,組織,ハマス,の,説明,に,疑念,が,出,て,いる,。,ハマス,管理,下,の,保偉,当局,は,イスラエル,軍,の,空爆,で,4,7,1,人,が,死亡,し,た,と,する,が,、,バイデン,米,大統領,は,イスラエル,軍,の,関与,を,否定,し,、,欧州,で,は,「,死者,は,最大,5,0,人,」,と,の,分析,も,。,真相,不明,の,まま,、,イスラム,圏,で,は,反,イスラエル,感情,が,激し,さ,を,増し,て,いる,。,,ガザ,市,中心,部,の,アルアハリ,・,アラプ,病院,で,1,7,日,夜,、,爆発,が,あり,、,多数,が,死亡,し,た,。,ハマス,は,当初,から,5,0,0,人,以上,死亡,と,強調,。,医療,機関,へ,の,攻撃,という,こと,も,あっ,て,衝撃,的,に,報じ,られ,、,バイデン,氏,は,1,8,日,に,予定,し,て,い,た,ヨルダン,訪問,の,中止,に,追い込ま,れ,た,。,,イスラエル,軍,は,直後,から,軍,の,空爆,を,否定,。,ガザ,の,過激,派,「,イスラム,聖戦,」,が,発射,し,た,ロケット,弾,の,誤射,だ,と,反論,し,、,バイデン,氏,は,1,9,日,の,演説,で,「,イスラエル,の,仕業,で,は,ない,」,と,断言,し,た,。,,現地,の,映像,で,は,、,病院,駐車,場,の,車,に,被害,が,出た,が,地面,に,大きな,着弾,痕,は,なく,、,建物,も,大きく,損壊,し,て,い,ない,ため,、,イスラエル,軍,の,ミサイル,より,威力,が,弱い,兵器,と,の,見方,が,出,て,いる,。,,欧州,メディア,に,よる,と,、,欧州,情報,筋,は,「,死者,は,最大,5,0,人,だろ,う,」,と,の,見方,を,示し,た,。,AP,通信,に,よる,と,、,米,政府,は,死者,数,を,推定,1,0,0,～,3,0,0,人,の,「,下,の,方j,と,分析,。,イスラエル,軍報,道官,は,5,0,0,人,死亡,と,の,主張,に,「,遺体,は,どこ,に,あるんだ,」,と,疑問,を,投げかけ,た,。,反,イスラエル,の,機運,を,高める,目的,で,「,ハマス,が,被害,を,誇張,し,た,」,と,の,報道,も,出,て,いる,。,,中東,の,アラプ,・,イスラム,諸国,で,は,ハマス,の,説明,を,受け,、,反,イスラエル,の,抗議,デモ,が,活発,化,。,レバノン,や,ヨルダン,で,は,治安,部隊,と,の,衝,,突,に,発展,する,など,、,情勢,は,流動化,し,て,いる,。"
31,ビッグモーター　違反点数桁外れ,2023-10-21,自動車整備工場への行政処分は、法令違反の内容ごとに定められた点数を合計して決まる。民間車検場の指定を受けた工場は360点以上で最も重い「指定取り消し」に。ビッグモーターでは1万点を超えた工場が二つあり、桁外れだ。他の工場でも違反内容が似通っており、国土交通省は組織全体に共通した問題があると指摘している。国交省や各運輸局によると、ビッグモーターでは記録簿の虚偽記載や車検項目の一部未実施などの違反が確認された。今回は社会的影響が大きい場合に合計点数を2倍にできる通則を適用。一斉立ち入り検査した全34工場を処分対象とした。そのうち32工場か民間車畠で、違反点数が最も多かったのは浜松南店（浜松市）の1万3584点だった。点検・整備の一部をせず620台の車検を通すなどした。次に多かったのは酒々井店（千葉県酒々井町）の1万3442点。586台でライトなどの動作確認を自動車検査員の資格がない従業員がしたほか、立ち入り検査に虚偽の陳述をしたことも判明している。浦和美園店（さいたま市）、名古屋茶屋店（名古屋市）、春日営業所（福岡県春日市）でも違反点数が千点を超えた。これらを含む12工場で指定が取り消される見通し。,,,3,4,20231021_03_004.txt,,20231021_03_004_c1.jpg,,"自動車,整備,工場,へ,の,行政,処分,は,、,法令,違反,の,内容,ごと,に,定め,られ,た,点数,を,合計,し,て,決まる,。,民間,車検,場,の,指定,を,受け,た,工場,は,3,6,0,点,以上,で,最も重い,「,指定,取り消し,」,に,。,ビッグモーター,で,は,1,万,点,を,超え,た,工場,が,二,つ,あり,、,桁外れ,だ,。,他,の,工場,で,も,違反,内容,が,似通っ,て,おり,、,国土,交通省,は,組織,全体,に,共通,し,た,問題,が,ある,と,指摘,し,て,いる,。,国交省,や,各運,輸局,に,よる,と,、,ビッグモーター,で,は,記録,簿,の,虚偽,記載,や,車検,項目,の,一部,未実,施,など,の,違反,が,確認,さ,れ,た,。,今回,は,社会,的,影響,が,大きい,場合,に,合計,点数,を,2,倍,に,できる,通則,を,適用,。,一,斉立,ち,入り,検査,し,た,全,3,4,工場,を,処分,対象,と,し,た,。,そのうち,3,2,工場,か,民間,車畠,で,、,違反,点数,が,最も,多かっ,た,の,は,浜松,南店,（,浜松,市,）,の,1,万,3,5,8,4,点,だっ,た,。,点検,・,整備,の,一部,を,せず,6,2,0,台,の,車検,を,通す,など,し,た,。,次,に,多かっ,た,の,は,酒々,井店,（,千葉,県,酒々井町,）,の,1,万,3,4,4,2,点,。,5,8,6,台,で,ライト,など,の,動作,確認,を,自動車,検査,員,の,資格,が,ない,従業,員,が,し,た,ほか,、,立ち入り,検査,に,虚偽,の,陳述,を,し,た,こと,も,判明,し,て,いる,。,浦和,美園,店,（,さい,たま,市,）,、,名古,屋茶,屋店,（,名古屋,市,）,、,春日,営業,所,（,福岡,県,春日,市,）,でも,違反,点数,が,千点,を,超え,た,。,これら,を,含む,1,2,工場,で,指定,が,取り消さ,れる,見通し,。"
32,富士山頂に巨大な笠雲　真っ白な帽子ふんわりと　山梨,2023-10-21,"山梨県富士吉戸市で20日朝、富士山に巨大な笠雲がかかっているのが見えた。楕円状の分厚い雲が雪化粧した山頂をふんわりと覆い、晴天の下で真っ白な帽子を乗せているような姿になった。甲府地方気象台によると、笠雲は太平洋から吹いてくる湿った暖かい空気が山の斜面にぶつかって上昇し、上空の冬の冷気によって冷やされ発生する。天気が下り坂になるサインとされ、同市では朝方、曇り空が広がっていたという。発生から数時間で形が崩れることが多く、一度消えた後に小さな雲が山頂に現れ、二重になったり巨大化したりと形を変えていた。",,,3,5,20231021_03_005.txt,20231021_03_005_p1.jpg,,,"山梨,県,富士,吉戸,市,で,2,0,日,朝,、,富士山,に,巨大,な,笠雲,が,かかっ,て,いる,の,が,見え,た,。,楕円,状,の,分厚,い,雲,が,雪化,粧,し,た,山頂,を,ふんわり,と,覆い,、,晴天,の,下,で,真っ白,な,帽子,を,乗せ,て,いる,よう,な,姿,に,なっ,た,。,,甲府,地方,気象台,に,よる,と,、,笠雲,は,太平,洋,から,吹い,て,くる,湿っ,た,暖かい,空気,が,山,の,斜面,に,ぶつかっ,て,上昇,し,、,上空,の,冬,の,冷気,によって,冷や,さ,れ,発生,する,。,天気,が,下り坂,に,なる,サイン,と,さ,れ,、,同市,で,は,朝方,、,曇り空,が,広がっ,て,い,た,と,いう,。,,発生,から,数,時間,で,形,が,崩れる,こと,が,多く,、,一,度,消え,た,後,に,小さ,な,雲,が,山頂,に,現れ,、,二,重,に,なっ,たり,巨大,化,し,たり,と,形,を,変え,て,い,た,。"
33,車内遺体女子高生か　栃木　千葉の15歳、窒息死,2023-10-21,"栃木県上三川町でレンタカーの後部座席から遺体で見つかった女性は、所持品などから千葉県柏市の女子高校生(15)とみられることが20日、捜査関係者への取材で分かった。栃木県警は司法解剖の結果、死因が首を圧迫されたことによる窒息だったと発表。身元の確認を進めるとともに、死亡の経緯を調べる。県警は19日未明、職務質問の際に車内から遺体を発見し、死体遺棄の疑いで埼玉県熊谷市拾六間、職業不詳、安栖達也容疑者(28)を現行犯逮捕した。捜査関係者によると、車は東京都や埼玉県など関東地方を行き来していたことが判明。栃木県内ナンバーで、1週間以上借りることになっていた。女性は後部座席に横向きに倒れていた。17日前後に死亡したとされる。車内に女性用とみられる黒のローファーがあったことも分かった。白いプラウスに左胸にワンポイントの柄が入った紺のVネックセーター、緑のチェック柄のプリーツスカートなど、制服のような着衣だった。県警は20日、安栖容疑者を送検した。",,,3,6,20231021_03_006.txt,,,,"栃木,県,上三川町,で,レンタカー,の,後部,座席,から,遺体,で,見つかっ,た,女性,は,、,所持,品,など,から,千葉,県柏,市,の,女子,高校,生,(,1,5,),と,み,られる,こと,が,2,0,日,、,捜査,関係,者,へ,の,取材,で,分かっ,た,。,栃木,県警,は,司法,解剖,の,結果,、,死因,が,首,を,圧迫,さ,れ,た,こと,による,窒息,だっ,た,と,発表,。,身元,の,確認,を,進める,とともに,、,死亡,の,経緯,を,調べる,。,,県警,は,1,9,日,未明,、,職務,質問,の,際,に,車内,から,遺体,を,発見,し,、,死体,遺棄,の,疑い,で,埼玉,県,熊谷,市拾,六,間,、,職業,不詳,、,安栖,達也,容疑,者,(,2,8,),を,現行,犯逮,捕,し,た,。,,捜査,関係,者,に,よる,と,、,車,は,東京,都,や,埼玉,県,など,関東,地方,を,行き来し,て,い,た,こと,が,判明,。,栃木,県内,ナンバー,で,、,1,週間,以上,借りる,こと,に,なっ,て,い,た,。,,女性,は,後部,座席,に,横向き,に,倒れ,て,い,た,。,1,7,日,前後,に,死亡,し,た,と,さ,れる,。,車内,に,女性,用,と,み,られる,黒,の,ローファー,が,あっ,た,こと,も,分かっ,た,。,白い,プラウス,に,左胸,に,ワンポイント,の,柄,が,入っ,た,紺,の,V,ネックセーター,、,緑,の,チェック,柄,の,プリーツスカート,など,、,制服,の,よう,な,着衣,だっ,た,。,,県警,は,2,0,日,、,安栖,容疑,者,を,送検,し,た,。"
34,◇第2572回東京都宝くじ（20日•東京宝くじドリーム館）　◇第2634回関東・中部・東北自治宝くじ(20日・三重テレビ本社Aスタジオ）　第6324回数字選択式全国自治宝くじ＝ナンバーズ(20日）　第545回数字選択式全国自治宝くじ＝ロト7 (20日）,2023-10-21,,,,3,7,,,20231021_03_007_c1.jpg,,
35,ブッキングドット　料金未払いで提訴　宿泊施設側,2023-10-21,"世界最大級の旅行予約サイト「ブッキング・ドットコム」からの入金が滞っているとして、宿泊施設を営む東京や大阪など8都府県の11の法人や個人が20日、サイト運営会社側に計約3600万円の損害賠償を求め、東京地裁に提訴した。宿泊者が運営会社のシステムを使って事前決済すると、手数料が差し引かれた分が宿泊施設側に支払われる仕組みだが、訴状によると、未払いが続いていると主張。各原告の被害額は約8万～約1400万円としている。運営会社側は20日、メンテナンス作業が計画通りに進まなかったと文書で説明。大半の支払いが再開されたが、一部で遅延しているとして「ご迷惑をおかけし、おわびする。懸命に取り組んでいる」とした。宿泊施設側の代理人、加藤博太郎弁護士は東京都内で記者会見し、提訴分の他にも億単位の被害を訴える人がいると指摘。「前代未聞の巨額不払いだ。宿泊事業者が倒産しかねず、速やかな支払いを求める」と述べた。",,,3,8,20231021_03_008.txt,,,,"世界,最大,級,の,旅行,予約,サイト,「,ブッキング,・,ドットコム,」,から,の,入金,が,滞っ,て,いる,として,、,宿泊,施設,を,営む,東京,や,大阪,など,8,都府,県,の,1,1,の,法人,や,個人,が,2,0,日,、,サイト,運営,会社,側,に,計約,3,6,0,0,万,円,の,損害,賠償,を,求め,、,東京,地裁,に,提訴,し,た,。,,宿泊,者,が,運営,会社,の,システム,を,使っ,て,事前,決済,する,と,、,手数,料,が,差し引か,れ,た,分,が,宿泊,施設,側,に,支払,わ,れる,仕組,み,だ,が,、,訴状,に,よる,と,、,未払い,が,続い,て,いる,と,主張,。,各,原告,の,被害,額,は,約,8,万,～,約,1,4,0,0,万,円,と,し,て,いる,。,,運営,会社,側,は,2,0,日,、,メンテナンス,作業,が,計画,通り,に,進ま,なかっ,た,と,文書,で,説明,。,大半,の,支払い,が,再開,さ,れ,た,が,、,一部,で,遅延,し,て,いる,として,「,ご,迷惑,を,おかけし,、,おわび,する,。,懸命,に,取り組ん,で,いる,」,と,し,た,。,,宿泊,施設,側,の,代理,人,、,加藤,博太郎,弁護,士,は,東京,都内,で,記者,会見,し,、,提訴,分,の,他,に,も,億,単位,の,被害,を,訴える,人,が,いる,と,指摘,。,「,前代,未聞,の,巨額,不払い,だ,。,宿泊,事業,者,が,倒産,しかね,ず,、,速やか,な,支払い,を,求める,」,と,述べ,た,。"
36,広島原爆遺跡など　9件を史跡指定に　文化審答申、近く告示,2023-10-21,"文化審議会は20日、被爆の痕跡や当時の姿を残す六つの建物からなる「広島原爆遺跡」（広島市）や、国内最大級の横穴墓群、十五郎穴横穴群（茨城県ひたちなか市）など9件を史跡に指定するよう盛山正仁文部科学相に答申した。近く答申通り告示される。原爆関連の史跡指定は原爆ドーム、長崎原爆遺跡に続き3件目となる。広島原爆遺跡は、爆心地近くの旧燃料会館（現・平和記念公園レストハウス）や、壁に窓ガラスの破片が突き刺さった痕が残る旧日本銀行広島支店、被害の一報を別の部隊に伝えたとされる旧中国軍管区司令部防空作戦室など。いずれも爆心地から2キロ以内にある。史跡になると、保存や活用のための整備に国の補助金を活用できる。十五郎穴横穴群は、7～9世紀に墓として使われた274基の横穴がある。江戸時代から昭和初期までの酒蔵が残る西条酒蔵群（広島県東広島市）も指定される。文化庁によると、酒蔵の史跡指定は初めて。また長崎原爆遺跡（長崎市）の史跡範囲に、被爆樹木のある山王神社境内などが追加される。断崖と階段状の岩石海岸が特徴のサンニヌ台（沖縄県与那国町）を名勝と天然記念物の両方に指定するなど、名勝2件、天然記念物2件の指定も答申。農業用に人工的に造られた落門の滝（大分県竹田市）など4件が登録記念物となる。告示後、史跡・名勝・天然記念物は計3364件、登録記念物は132件となる。",,,3,9,20231021_03_009.txt,,,,"文化,審議,会,は,2,0,日,、,被爆,の,痕跡,や,当時,の,姿,を,残す,六つ,の,建物,から,なる,「,広島,原爆,遺跡,」,（,広島,市,）,や,、,国内,最大,級,の,横穴,墓群,、,十,五,郎,穴横,穴群,（,茨城,県,ひ,たち,なか,市,）,など,9,件,を,史跡,に,指定,する,よう,盛山,正仁,文部,科学,相,に,答申,し,た,。,近く,答申,通り,告示,さ,れる,。,原爆,関連,の,史跡,指定,は,原爆,ドーム,、,長崎,原爆,遺跡,に,続き,3,件,目,と,なる,。,,広島,原爆,遺跡,は,、,爆心,地近く,の,旧,燃料,会館,（,現,・,平和,記念,公園,レストハウス,）,や,、,壁,に,窓,ガラス,の,破片,が,突き刺さっ,た,痕,が,残る,旧,日本銀行,広島,支店,、,被害,の,一報,を,別,の,部隊,に,伝え,た,と,さ,れる,旧,中国,軍管,区,司令,部防,空作,戦室,など,。,いずれ,も,爆心,地,から,2,キロ,以内,に,ある,。,史跡,に,なる,と,、,保存,や,活用,の,ため,の,整備,に,国,の,補助,金,を,活用,できる,。,,十,五,郎,穴横,穴群,は,、,7,～,9,世紀,に,墓として,使わ,れ,た,2,7,4,基,の,横穴,が,ある,。,江戸,時代,から,昭和,初期,まで,の,酒蔵,が,残る,西条,酒蔵,群,（,広島,県,東広島,市,）,も,指定,さ,れる,。,文化庁,に,よる,と,、,酒蔵,の,史跡,指定,は,初めて,。,,また,長崎,原爆,遺跡,（,長崎,市,）,の,史跡,範囲,に,、,被爆,樹木,の,ある,山王,神社,境内,など,が,追加,さ,れる,。,,断崖,と,階段,状,の,岩石,海岸,が,特徴,の,サンニヌ,台,（,沖縄,県,与那,国町,）,を,名勝,と,天然,記念,物,の,両方,に,指定,する,など,、,名勝,2,件,、,天然,記念,物,2,件,の,指定,も,答申,。,農業,用,に,人工,的,に,造られ,た,落門,の,滝,（,大分,県,竹田,市,）,など,4,件,が,登録,記念,物,と,なる,。,,告示,後,、,史跡,・,名勝,・,天然,記念,物,は,計,3,3,6,4,件,、,登録,記念,物,は,1,3,2,件,と,なる,。"
37,両親の自殺ほう助罪　猿之助被告認める　東京地裁初公判,2023-10-21,"両親に向精神薬を服用させ、自殺を手助けしたとして自殺ほう助の罪に問われた歌舞伎俳優、市川猿之助（本名・喜熨斗孝彦）被告(47) は20日、東京地裁（安永健次裁判官）の初公判で起訴内容を認め「申し訳なさを一生背負う」と謝罪した。検察側は「自分には歌舞伎しかない。許されるなら歌舞伎に関わり舞台に立ちたい思いがある」との供述調書を読み上げた。被告は最終意見陳述で「僕にしかできないことがあればさせていただき、生きる希望としたい」と述べた。検察側は「両親の自殺の意思は被告に誘発され、寄与した度合いが極めて大きい」として懲役3年を求刑し、弁護側は執行猶予付きの判決を求め即日結審した。判決は11月17日に言い渡される。検察側は冒頭陳述で、被告は自身のハラスメント疑惑などに関する記事が出ることを知り「歌舞伎の仕事はもうできない」と思い、両親に自殺を考えていると伝えたと指摘。両親は「舞台はどうするのか」「周囲の人たちへの責任はどうするのか」と言ったが、被告は「責任に耐えられない。もうつらくて限界。自分を殺すしかない」と語り、話し合いの末、両親が先に、猿之助被告が後から自殺することを決めたと説明した。",,,3,10,20231021_03_010.txt,,,,"両親,に,向精,神薬,を,服用,さ,せ,、,自殺,を,手助け,し,た,として,自殺,ほう,助,の,罪,に,問わ,れ,た,歌舞,伎俳,優,、,市川,猿之,助,（,本名,・,喜熨,斗孝,彦,）,被告,(,4,7,), ,は,2,0,日,、,東京,地裁,（,安永,健次,裁判,官,）,の,初公判,で,起訴,内容,を,認め,「,申し訳,な,さ,を,一生,背負,う,」,と,謝罪,し,た,。,検察,側,は,「,自分,に,は,歌舞,伎,しか,ない,。,許,さ,れる,なら,歌舞,伎,に,関わり,舞台,に,立ち,たい,思い,が,ある,」,と,の,供述,調書,を,読み上げ,た,。,,被告,は,最終,意見,陳述,で,「,僕,に,しか,でき,ない,こと,が,あれ,ばさ,せ,て,い,た,だき,、,生きる,希望,と,し,たい,」,と,述べ,た,。,,検察,側,は,「,両親,の,自殺,の,意思,は,被告,に,誘発,さ,れ,、,寄与,し,た,度合い,が,極めて,大きい,」,として,懲役,3,年,を,求刑,し,、,弁護,側,は,執行,猶予,付き,の,判決,を,求め,即日,結審,し,た,。,判決,は,1,1,月,1,7,日,に,言い渡さ,れる,。,,検察,側,は,冒頭,陳述,で,、,被告,は,自身,の,ハラスメント,疑惑,など,に関する,記事,が,出る,こと,を,知り,「,歌舞,伎,の,仕事,は,もう,でき,ない,」,と,思い,、,両親,に,自殺,を,考え,て,いる,と,伝え,た,と,指摘,。,両親,は,「,舞台,は,どう,する,の,か,」,「,周囲,の,人,たち,へ,の,責任,は,どう,する,の,か,」,と,言っ,た,が,、,被告,は,「,責任,に,耐え,られ,ない,。,もうつらく,て,限界,。,自分,を,殺す,しか,ない,」,と,語り,、,話し合い,の,末,、,両親,が,先,に,、,猿之,助被,告,が,後,から,自殺,する,こと,を,決め,た,と,説明,し,た,。"
38,複数の顧客企業に　制作費を過大請求　博報堂,2023-10-21,"広告大手の博報堂は20日、テレビCMや新聞広告で複数の顧客企業に過大な制作費を請求していたと発表した。不逸切な請求の詳細や金額、件数は「臆測を呼ぶ」との理由で明らかにしていない。過大に受け取った分は返金するとしてる。「コンプライアンス（法令順守）意識の徹底とそのための対策を進める」とコメントした。今年の夏に社内の従業員から相談があり、その後の自主調査で発覚した。顧客企業と取り決めたルールを逸脱した不適切な請求があったという。顧問弁護士事務所による調査委員会を20日に設置し、他に不適切な請求があるかどうか調べ、再発防止策を策定する。",,,3,11,20231021_03_011.txt,,,,"広告,大手,の,博報,堂,は,2,0,日,、,テレビCM,や,新聞,広告,で,複数,の,顧客,企業,に,過大,な,制作,費,を,請求,し,て,い,た,と,発表,し,た,。,不逸切,な,請求,の,詳細,や,金額,、,件数,は,「,臆測,を,呼ぶ,」,と,の,理由,で,明らか,に,し,て,い,ない,。,過大,に,受け取っ,た,分,は,返金,する,としてる,。,「,コンプライアンス,（,法令,順守,）,意識,の,徹底,と,その,ため,の,対策,を,進める,」,と,コメント,し,た,。,,今年,の,夏,に,社内,の,従業,員,から,相談,が,あり,、,その後,の,自主,調査,で,発覚,し,た,。,顧客,企業,と,取り決め,た,ルール,を,逸脱,し,た,不適切,な,請求,が,あっ,た,と,いう,。,顧問,弁護,士事,務所,による,調査,委員,会,を,2,0,日,に,設置,し,、,他,に,不適切,な,請求,が,ある,かどう,か,調べ,、,再発,防止,策,を,策定,する,。"
39,🔳俳優急死で宝塚公演中止,2023-10-21,"宝塚歌劇団宙組の俳優(25)が9月に急死した問題で、宝塚歌劇団は20日、上演を1日から見合わせていた本拠地・宝塚大劇場（兵庫県）の宙組公演「PAGAD（パガド）」「sky Fantasy!」を、千秋楽の11月5日まで全て中止すると発表した。歌劇団は、外部の弁護士らのチームが進めている背後関係の調査にはまだ相応の時間がかかり、報告を踏まえて態勢を整えるまで上演は難しいとする文書を公式ホームページに掲載した。",,,3,12,20231021_03_012.txt,,,,"宝塚,歌劇,団宙,組,の,俳優,(,2,5,),が,9月,に,急死,し,た,問題,で,、,宝塚,歌劇,団,は,2,0,日,、,上演,を,1,日,から,見合わせ,て,い,た,本拠,地,・,宝塚,大劇場,（,兵庫,県,）,の,宙組,公演,「,PAGAD,（,パガド,）,」,「,sky, ,Fantasy,!,」,を,、,千秋楽,の,1,1,月,5,日,まで,全,て,中止,する,と,発表,し,た,。,,歌劇,団,は,、,外部,の,弁護,士ら,の,チーム,が,進め,て,いる,背後,関係,の,調査,に,はまだ,相応,の,時間,が,かかり,、,報告,を,踏まえ,て,態勢,を,整える,まで,上演,は,難しい,と,する,文書,を,公式,ホームページ,に,掲載,し,た,。"
40,,,,,,,,,,,,
41,,,,,,,,,,,,
42,,,,,,,,,,,,
43,,,,,,,,,,,,
44,,,,,,,,,,,,
45,,,,,,,,,,,,
46,,,,,,,,,,,,
47,,,,,,,,,,,,
48,,,,,,,,,,,,
49,,,,,,,,,,,,
50,,,,,,,,,,,,
51,,,,,,,,,,,,
52,,,,,,,,,,,,
53,,,,,,,,,,,,
54,,,,,,,,,,,,